Year,Name,Team,Position,TFL
2025,Nadame Tucker,Western Michigan Broncos,DE,22
2025,David Bailey,Texas Tech Red Raiders,LB,20
2025,Stephen Daley,Indiana Hoosiers,DL,19
2025,Isaiah Smith,SMU Mustangs,DE,18
2025,John Henry Daley,Utah Utes,DE,18
2025,Anthony Smith,Minnesota Golden Gophers,DL,18
2025,Akheem Mesidor,Miami Hurricanes,DL,18
2025,Xavier Atkins,Auburn Tigers,LB,17
2025,Rasheem Biles,Pittsburgh Panthers,LB,17
2025,Michael Heldman,Central Michigan Chippewas,DL,17
2025,Dylan Labarbera,Nevada Wolf Pack,DL,17
2025,Gideon Lampron,Bowling Green Falcons,LB,17
2025,Caden Curry,Ohio State Buckeyes,DE,17
2025,Teitum Tuioti,Oregon Ducks,LB,16
2025,MJ Stroud,Georgia Southern Eagles,DL,16
2025,Quincy Rhodes Jr.,Arkansas Razorbacks,DL,16
2025,Nathan Voorhis,Ball State Cardinals,DE,16
2025,Zion Young,Missouri Tigers,DE,16
2025,Rueben Bain Jr.,Miami Hurricanes,DL,16
2025,Colin Simmons,Texas Longhorns,LB,16
2025,Keyshawn James-Newby,New Mexico Lobos,DE,15
2025,Rolijah Hardy,Indiana Hoosiers,LB,15
2025,Taylor Wein,Oklahoma Sooners,DL,15
2025,Cashius Howell,Texas A&M Aggies,DE,15
2025,Langston Hardy,Wake Forest Demon Deacons,DL,15
2025,Jordan Lawson,Louisiana Ragin' Cajuns,DL,15
2025,K'Von Sherman,Toledo Rockets,LB,15
2025,Will Heldt,Clemson Tigers,DE,15
2025,Yhonzae Pierre,Alabama Crimson Tide,LB,15
2025,Mekhi Mason,Louisiana Tech Bulldogs,LB,15
2025,Bryun Parham,Connecticut Huskies,LB,15
2025,Isaiah Jones,Indiana Hoosiers,LB,15
2025,Keyshaun Elliott,Arizona State Sun Devils,LB,14
2025,Sahir West,James Madison Dukes,DL,14
2025,Red Murdock,Buffalo Bulls,LB,14
2025,Jack Kelly,BYU Cougars,LB,14
2025,Jordan Kwiatkowski,Central Michigan Chippewas,LB,14
2025,Demarcus Hendricks,Arkansas State Red Wolves,DE,14
2025,Donnie Smith,Troy Trojans,LB,14
2025,Sammy Brown,Clemson Tigers,LB,14
2025,Gabe Jacas,Illinois Fighting Illini,LB,14
2025,Princewill Umanmielen,Mississippi Rebels,LB,13
2025,Josiah Trotter,Missouri Tigers,LB,13
2025,Keionte Scott,Miami Hurricanes,DB,13
2025,Jaden Dugger,Louisiana Ragin' Cajuns,LB,13
2025,Vincent Anthony Jr.,Duke Blue Devils,DE,13
2025,Jayden Virgin-Morgan,Boise State Broncos,DE,13
2025,Sam Brumfield,Memphis Tigers,LB,13
2025,Clev Lubin,Louisville Cardinals,DL,13
2025,Ethan Hassler,Arkansas State Red Wolves,DL,13
2025,Suntarine Perkins,Mississippi Rebels,LB,13
2025,Owen Heinecke,Oklahoma Sooners,LB,12
2025,Mani Powell,Purdue Boilermakers,LB,12
2025,J'Mond Tapp,Southern Miss Golden Eagles,DL,12
2025,Cade Uluave,California Golden Bears,LB,12
2025,Wendell Gregory,Oklahoma State Cowboys,LB,12
2025,Sifa Leota,Louisiana Tech Bulldogs,LB,12
2025,Adam Trick,Miami (OH) RedHawks,LB,12
2025,Melkart Abou-Jaoude,North Carolina Tar Heels,DL,12
2025,Karson Sharar,Iowa Hawkeyes,LB,12
2025,Jarvis Lee,South Florida Bulls,CB,12
2025,Isaac Terrell,Washington State Cougars,DE,12
2025,Dani Dennis-Sutton,Penn State Nittany Lions,DE,12
2025,KD Johnson,UTEP Miners,DT,12
2025,Eddie Walls III,Houston Cougars,DL,12
2025,Garrick Ponder,Southern Miss Golden Eagles,LB,12
2025,Tyrique Tucker,Indiana Hoosiers,DL,12
2025,Elijah Hill,Kennesaw State Owls,DL,12
2025,Will Echoles,Mississippi Rebels,DT,12
2025,Javae Gilmore,Marshall Thundering Herd,LB,12
2025,Darryl Peterson,Wisconsin Badgers,LB,12
2025,Dylan Stewart,South Carolina Gamecocks,DL,12
2025,Jordan Stringer,Troy Trojans,LB,12
2025,Tray Brown,Coastal Carolina Chanticleers,LB,12
2025,Kalil Alexander,Texas State Bobcats,DE,12
2025,Mac Sanders,Jacksonville State Gamecocks,LB,12
2025,Mason Woods,Kent State Golden Flashes,LB,11
2025,Kaleb Elarms-Orr,TCU Horned Frogs,LB,11
2025,Bryan Thomas Jr.,South Carolina Gamecocks,DL,11
2025,Brett Karhu,New Mexico Lobos,DE,11
2025,Lee Hunter,Texas Tech Red Raiders,DL,11
2025,Noah Flemmings,UL Monroe Warhawks,LB,11
2025,Damonte Smith,Middle Tennessee Blue Raiders,NT,11
2025,Finn Claypool,Fresno State Bulldogs,DL,11
2025,Isaac Hubert,Air Force Falcons,LB,11
2025,Marcus Neal Jr.,Iowa State Cyclones,DB,11
2025,Kenyatta Jackson Jr.,Ohio State Buckeyes,DE,11
2025,Deshawn McKnight,Arizona Wildcats,DL,11
2025,Harvey Dyson,Tulane Green Wave,LB,11
2025,Aaron Hall,Duke Blue Devils,DT,11
2025,Ezra Christensen,New Mexico State Aggies,DL,11
2025,Drue Watts,Memphis Tigers,LB,11
2025,Jordan Van Den Berg,Georgia Tech Yellow Jackets,DL,11
2025,Malachi Lawrence,UCF Knights,DE,11
2025,Marques White,Massachusetts Minutemen,DL,11
2025,CJ Nunnally IV,Purdue Boilermakers,DL,11
2025,Sidney Stewart,Maryland Terrapins,DL,11
2025,Aiden Fisher,Indiana Hoosiers,LB,11
2025,Trey White,San Diego State Aztecs,DE,11
2025,Tylon Dunlap,Kennesaw State Owls,DL,11
2024,Abdul Carter,Penn State Nittany Lions,DE,24
2024,J.T. Tuimoloau,Ohio State Buckeyes,DE,22
2024,Michael Green,Marshall Thundering Herd,DL,21
2024,Donovan Ezeiruaku,Boston College Eagles,DE,21
2024,T.J. Parker,Clemson Tigers,DE,19
2024,Antwuan Powell-Ryland Jr.,Virginia Tech Hokies,DL,19
2024,Trey White,San Diego State Aztecs,DE,19
2024,Eric O'Neill,James Madison Dukes,DL,18
2024,Shaun Dolac,Buffalo Bulls,LB,18
2024,Jimmori Robinson,UTSA Roadrunners,LB,18
2024,Martavius French,UTSA Roadrunners,LB,17
2024,Anthony Hill Jr.,Texas Longhorns,LB,17
2024,Jackson Woodard,UNLV Rebels,LB,17
2024,Red Murdock,Buffalo Bulls,LB,17
2024,Kyle Kennard,South Carolina Gamecocks,DL,17
2024,Brendan Jackson,Troy Trojans,LB,16
2024,Chandler Martin,Memphis Tigers,LB,16
2024,Bradley Weaver,Ohio Bobcats,DE,16
2024,Jayden Virgin-Morgan,Boise State Broncos,DE,16
2024,Kyle Louis,Pittsburgh Panthers,LB,16
2024,Ahmed Hassanein,Boise State Broncos,DE,16
2024,Dion Crawford,Buffalo Bulls,LB,15
2024,Isaiah Glasker,BYU Cougars,LB,15
2024,Alex Howard,Duke Blue Devils,LB,15
2024,Brian Ugwu,Miami (OH) RedHawks,DL,15
2024,Mikail Kamara,Indiana Hoosiers,DL,14
2024,Fisher Camac,UNLV Rebels,DL,14
2024,Colin Simmons,Texas Longhorns,LB,14
2024,T.J. Jackson,West Virginia Mountaineers,DL,14
2024,Davin Vann,NC State Wolfpack,DE,14
2024,Khairi Manns,James Madison Dukes,DL,14
2024,Nic Scourton,Texas A&M Aggies,DL,14
2024,Suntarine Perkins,Mississippi Rebels,LB,14
2024,Jordan Kwiatkowski,Central Michigan Chippewas,LB,14
2024,Jordan Pollard,San Jose State Spartans,LB,14
2024,Princely Umanmielen,Mississippi Rebels,DE,14
2024,Jalen McLeod,Auburn Tigers,LB,14
2024,Oluwafemi Oladejo,UCLA Bruins,LB,14
2024,Rasheem Biles,Pittsburgh Panthers,LB,14
2024,J.J. Pegues,Mississippi Rebels,DT,14
2024,Gabe Jacas,Illinois Fighting Illini,LB,13
2024,James Pearce Jr.,Tennessee Volunteers,DL,13
2024,Fadil Diggs,Syracuse Orange,DL,13
2024,Walter Nolen,Mississippi Rebels,DT,13
2024,Bradyn Swinson,Louisiana State Tigers,DE,13
2024,Tyreak Sapp,Florida Gators,DL,13
2024,Dani Dennis-Sutton,Penn State Nittany Lions,DE,13
2024,Josaiah Stewart,Michigan Wolverines,DE,13
2024,Jahfari Harvey,SMU Mustangs,DE,13
2024,Wesley Williams,Duke Blue Devils,DE,13
2024,Kory Chapman,UTEP Miners,LB,13
2024,B.J. Green II,Colorado Buffaloes,DE,13
2024,Kydran Jenkins,Purdue Boilermakers,LB,13
2024,Cody Simon,Ohio State Buckeyes,LB,13
2024,Johnny Walker Jr.,Missouri Tigers,DE,13
2024,R Mason Thomas,Oklahoma Sooners,DL,13
2024,Jimmy Scott,Pittsburgh Panthers,DL,13
2024,Ty Robinson,Nebraska Cornhuskers,DL,13
2024,Chris Paul Jr.,Mississippi Rebels,LB,12
2024,Devonte O'Malley,Northern Illinois Huskies,DT,12
2024,Mac Harris,South Florida Bulls,LB,12
2024,Beau Atkinson,North Carolina Tar Heels,DL,12
2024,Teddye Buchanan,California Golden Bears,LB,12
2024,Jihaad Campbell,Alabama Crimson Tide,LB,12
2024,Kobe Stewart,Buffalo Bulls,DE,12
2024,Jared Bartlett,Cincinnati Bearcats,LB,12
2024,Sammy Brown,Clemson Tigers,LB,12
2024,Zakye Barker,East Carolina Pirates,RB,12
2024,Ethan Hurkett,Iowa Hawkeyes,DL,12
2024,Nikhai Hill-Green,Colorado Buffaloes,LB,12
2024,Jasheen Davis,Wake Forest Demon Deacons,DL,12
2024,Joseph Sipp Jr.,Bowling Green Falcons,LB,12
2024,Anthony Smith,Minnesota Golden Gophers,DL,12
2024,James Djonkam,Eastern Michigan Eagles,LB,12
2024,Chris Murray,Sam Houston Bearkats,DL,12
2024,Brendan Mott,Kansas State Wildcats,DE,11
2024,Patrick Payton,Florida State Seminoles,DL,11
2024,Kevontay Wells,UL Monroe Warhawks,DL,11
2024,Kalil Alexander,Texas State Bobcats,DE,11
2024,CJ Nunnally IV,Akron Zips,DL,11
2024,Matayo Uiagalelei,Oregon Ducks,DE,11
2024,Alex Afari Jr.,Kentucky Wildcats,DB,11
2024,Kain Medrano,UCLA Bruins,LB,11
2024,Tyler Baron,Miami Hurricanes,DL,11
2024,Jordan Burch,Oregon Ducks,DE,11
2024,Sonny Styles,Ohio State Buckeyes,S,11
2024,Clev Lubin,Coastal Carolina Chanticleers,LB,11
2024,Keldric Faulk,Auburn Tigers,DL,11
2024,Justin Reed,Navy Midshipmen,DE,11
2024,Jonah Pace,Central Michigan Chippewas,DL,11
2024,Xavier Carlton,California Golden Bears,LB,11
2024,Shay Taylor,Ohio Bobcats,LB,11
2024,Amare Campbell,North Carolina Tar Heels,LB,11
2024,Dakota Cochran,Central Michigan Chippewas,LB,11
2024,David Blay,Louisiana Tech Bulldogs,DL,11
2024,J-Rock Swain,Jacksonville State Gamecocks,DL,11
2024,Elijah Roberts,SMU Mustangs,DE,11
2024,Derrick Harmon,Oregon Ducks,DL,11
2024,Andrew Simpson,Boise State Broncos,LB,11
2024,Braylan Lovelace,Pittsburgh Panthers,LB,11
2023,Jalen Green,James Madison Dukes,DL,21
2023,Laiatu Latu,UCLA Bruins,DL,21
2023,Tre'mon Morris-Brash,UCF Knights,DE,20
2023,Aaron Casey,Indiana Hoosiers,LB,20
2023,Jamree Kromah,James Madison Dukes,DL,20
2023,Jason Henderson,Old Dominion Monarchs,LB,19
2023,Richard Jibunor,Troy Trojans,LB,19
2023,Edgerrin Cooper,Texas A&M Aggies,LB,19
2023,Mikail Kamara,James Madison Dukes,DL,19
2023,Bo Richter,Air Force Falcons,DE,19
2023,Payton Wilson,NC State Wolfpack,LB,18
2023,Trey Moore,UTSA Roadrunners,LB,18
2023,Chandler Martin,Memphis Tigers,LB,17
2023,Gabriel Murphy,UCLA Bruins,DL,17
2023,Javon Solomon,Troy Trojans,LB,17
2023,Sidney Houston Jr.,Ball State Cardinals,LB,17
2023,Ahmed Hassanein,Boise State Broncos,DE,17
2023,Adisa Isaac,Penn State Nittany Lions,DE,16
2023,Nick Martin,Oklahoma State Cowboys,LB,16
2023,Andrew Simpson,Boise State Broncos,LB,16
2023,Mohamed Kamara,Colorado State Rams,DL,16
2023,Danny Stutsman,Oklahoma Sooners,LB,16
2023,Ben Bell,Texas State Bobcats,DE,16
2023,Jasheen Davis,Wake Forest Demon Deacons,DL,16
2023,Adin Huntington,UL Monroe Warhawks,DL,16
2023,Brian Holloway,Texas State Bobcats,LB,16
2023,Donovan Manuel,Florida International Panthers,LB,16
2023,Tyrice Knight,UTEP Miners,LB,16
2023,Collin Oliver,Oklahoma State Cowboys,LB,16
2023,Dallas Turner,Alabama Crimson Tide,LB,16
2023,Quentin Wilfawn,South Alabama Jaguars,LB,16
2023,Jonah Elliss,Utah Utes,DE,16
2023,Kydran Jenkins,Purdue Boilermakers,OL,15
2023,Kaimon Rucker,North Carolina Tar Heels,LB,15
2023,Antwuan Powell-Ryland Jr.,Virginia Tech Hokies,DL,15
2023,Kenard Snyder,UL Monroe Warhawks,DE,15
2023,Jeremiah Trotter Jr.,Clemson Tigers,LB,15
2023,Owen Porter,Marshall Thundering Herd,DL,15
2023,Nic Scourton,Purdue Boilermakers,LB,15
2023,Patrick Payton,Florida State Seminoles,DL,14
2023,Chris Hardie,Jacksonville State Gamecocks,DL,14
2023,Daquan Evans,South Florida Bulls,DB,14
2023,Jordan Magee,Temple Owls,LB,14
2023,James Pearce Jr.,Tennessee Volunteers,DL,14
2023,Francisco Mauigoa,Miami Hurricanes,LB,14
2023,Pryce Yates,Connecticut Huskies,DL,14
2023,Jett Johnson,Mississippi State Bulldogs,LB,14
2023,Darius Robinson,Missouri Tigers,DL,14
2023,Landon Jackson,Arkansas Razorbacks,DL,14
2023,Ben Kopenski,Tulsa Golden Hurricane,DL,14
2023,Joe Evans,Iowa Hawkeyes,DE,14
2023,Harold Perkins Jr.,Louisiana State Tigers,LB,13
2023,Nelson Ceaser,Houston Cougars,DL,13
2023,Bradley Weaver,Ohio Bobcats,DE,13
2023,Nathaniel Watson,Mississippi State Bulldogs,LB,13
2023,Devean Deal,Tulane Green Wave,DE,13
2023,Marques Watson-Trent,Georgia Southern Eagles,LB,13
2023,Ashton Gillotte,Louisville Cardinals,DL,13
2023,Rueben Bain Jr.,Miami Hurricanes,DL,13
2023,T.J. Parker,Clemson Tigers,DL,13
2023,Rayyan Buell,Ohio Bobcats,DT,13
2023,Thurman Geathers,Arkansas State Red Wolves,DE,13
2023,Elijah Roberts,SMU Mustangs,DE,13
2023,Justin Rhodes,Georgia Southern Eagles,DL,13
2023,Austin Moore,Kansas State Wildcats,LB,13
2023,Bryce Houston,Ohio Bobcats,LB,13
2023,Deone Walker,Kentucky Wildcats,DL,13
2023,Matt Jones,Baylor Bears,LB,13
2023,Austin Booker,Kansas Jayhawks,DL,12
2023,Kendre Gant,Louisiana Ragin' Cajuns,LB,12
2023,Brian Ugwu,Miami (OH) RedHawks,DL,12
2023,Jordan Domineck,Colorado Buffaloes,LB,12
2023,Brennan Jackson,Washington State Cougars,DE,12
2023,Zyrus Fiaseu,San Diego State Aztecs,LB,12
2023,Caiden Woullard,Miami (OH) RedHawks,DL,12
2023,Jared Verse,Florida State Seminoles,DL,12
2023,CJ Nunnally IV,Akron Zips,DL,12
2023,Patrick Jenkins,Tulane Green Wave,DL,12
2023,Kalen DeLoach,Florida State Seminoles,LB,12
2023,B.J. Green II,Arizona State Sun Devils,DL,12
2023,Taylor Upshaw,Arizona Wildcats,DE,12
2023,Chad Stephens,East Carolina Pirates,DL,12
2023,Kendrick Simpkins,Western Kentucky Hilltoppers,DB,12
2023,Justin Eboigbe,Alabama Crimson Tide,DL,12
2023,Marlowe Wax,Syracuse Orange,LB,12
2023,Aaron Beasley,Tennessee Volunteers,LB,12
2023,Jared Ivey,Mississippi Rebels,DE,12
2023,PJ Ramsey,Air Force Falcons,DE,12
2023,Eyabi Okie,Charlotte 49ers,DL,12
2023,Jimmori Robinson,UTSA Roadrunners,LB,11
2023,Fadil Diggs,Texas A&M Aggies,DL,11
2023,Bralen Trice,Washington Huskies,DE,11
2023,LaVonta Bentley,Colorado Buffaloes,LB,11
2023,Ron Stone Jr.,Washington State Cougars,DE,11
2023,Princely Umanmielen,Florida Gators,DL,11
2023,Marcus Harris,Auburn Tigers,DL,11
2023,Jalil Clemons,Southern Miss Golden Eagles,LB,11
2023,Kyle Kennard,Georgia Tech Yellow Jackets,DL,11
2023,Chuck Hicks,Missouri Tigers,LB,11
2023,Eli Neal,Marshall Thundering Herd,LB,11
2022,Durrell Johnson,Liberty Flames,DE,28
2022,Tuli Tuipulotu,USC Trojans,DL,22
2022,Ivan Pace Jr.,Cincinnati Bearcats,LB,21
2022,Jose Ramirez,Eastern Michigan Eagles,DL,20
2022,Drake Thomas,NC State Wolfpack,LB,19
2022,Viliami Fehoko Jr.,San Jose State Spartans,DL,19
2022,Thomas Incoom,Central Michigan Chippewas,DL,19
2022,Layton Jordan,Temple Owls,LB,19
2022,John Marshall,Navy Midshipmen,LB,19
2022,Karl Brooks,Bowling Green Falcons,DL,18
2022,Will Anderson Jr.,Alabama Crimson Tide,LB,17
2022,Jared Verse,Florida State Seminoles,DE,17
2022,Jordan Ferguson,Middle Tennessee Blue Raiders,DE,17
2022,Desjuan Johnson,Toledo Rockets,DT,17
2022,David Perales,Fresno State Bulldogs,DE,16
2022,Mohamed Kamara,Colorado State Rams,DL,16
2022,Nick Herbig,Wisconsin Badgers,LB,16
2022,Trey Moore,UTSA Roadrunners,LB,16
2022,Owen Porter,Marshall Thundering Herd,DL,15
2022,Isaiah Moore,NC State Wolfpack,LB,15
2022,T.J. Jackson,Troy Trojans,DE,15
2022,Dee Winters,TCU Horned Frogs,LB,15
2022,Yasir Abdullah,Louisville Cardinals,LB,15
2022,Zi'Yon Hill-Green,Louisiana Ragin' Cajuns,DL,15
2022,Cal Wallerstedt,UTEP Miners,LB,15
2022,Donovan Ezeiruaku,Boston College Eagles,DE,15
2022,Dylan Horton,TCU Horned Frogs,DL,15
2022,Drew Sanders,Arkansas Razorbacks,LB,14
2022,Calijah Kancey,Pittsburgh Panthers,DL,14
2022,Jasheen Davis,Wake Forest Demon Deacons,DL,14
2022,Cole Pearce,Ball State Cardinals,LB,14
2022,JaQues Evans,Western Kentucky Hilltoppers,LB,14
2022,Vonnie Watkins,Ohio Bobcats,DE,14
2022,Brian Branch,Alabama Crimson Tide,DB,14
2022,Jalen Mackie,Massachusetts Minutemen,LB,14
2022,Ty'ron Hopper,Missouri Tigers,LB,14
2022,Jonah Tavai,San Diego State Aztecs,DL,14
2022,Adam Plant Jr.,UNLV Rebels,DL,14
2022,Levi Bell,Texas State Bobcats,DL,14
2022,Mohamoud Diabate,Utah Utes,LB,14
2022,Shaun Dolac,Buffalo Bulls,LB,14
2022,Braden Siders,Wyoming Cowboys,DE,14
2022,Isaiah Foskey,Notre Dame Fighting Irish,DL,14
2022,Harold Perkins Jr.,Louisiana State Tigers,LB,14
2022,Tyree Wilson,Texas Tech Red Raiders,LB,14
2022,DeVonne Harris,Wyoming Cowboys,DE,14
2022,Marquis Waters,Texas Tech Red Raiders,DB,13
2022,Dom Peterson,Nevada Wolf Pack,DT,13
2022,Aaron Beasley,Tennessee Volunteers,LB,13
2022,YaYa Diaby,Louisville Cardinals,DL,13
2022,Marcus Cushnie,Massachusetts Minutemen,DL,13
2022,Michael Shawcroft,San Diego State Aztecs,LB,13
2022,Keith Randolph Jr.,Illinois Fighting Illini,DL,13
2022,Isaiah McGuire,Missouri Tigers,DL,13
2022,Tre'mon Morris-Brash,UCF Knights,DL,13
2022,Bralen Trice,Washington Huskies,DE,13
2022,Mason Cobb,Oklahoma State Cowboys,LB,13
2022,Cade Hall,San Jose State Spartans,DL,13
2022,Dennis Osagiede,Liberty Flames,DL,13
2022,Jeremiah Trotter Jr.,Clemson Tigers,LB,13
2022,Ethan Downs,Oklahoma Sooners,DL,13
2022,Payton Wilson,NC State Wolfpack,LB,13
2022,Brock Martin,Oklahoma State Cowboys,DE,13
2022,Andre Carter,Western Michigan Broncos,DL,13
2022,Laiatu Latu,UCLA Bruins,LB,13
2022,Josh Chandler-Semedo,Colorado Buffaloes,LB,13
2022,Jer'Zhan Newton,Illinois Fighting Illini,DL,13
2022,Mazin Richards,North Texas Mean Green,LB,13
2022,Maema Njongmeta,Wisconsin Badgers,LB,13
2022,D'Anthony Jones,Houston Cougars,DL,13
2022,Jamare Edwards,James Madison Dukes,DL,13
2022,Darian Varner,Temple Owls,DT,13
2022,Byron Young,Tennessee Volunteers,DL,12
2022,Averie Habas,Southern Miss Golden Eagles,LB,12
2022,Chris Ojoh,New Mexico State Aggies,LB,12
2022,Brennan Jackson,Washington State Cougars,DE,12
2022,Tommy Eichenberg,Ohio State Buckeyes,LB,12
2022,Keion White,Georgia Tech Yellow Jackets,DL,12
2022,Daiyan Henley,Washington State Cougars,LB,12
2022,Nathaniel Watson,Mississippi State Bulldogs,LB,12
2022,TyJuan Garbutt,Virginia Tech Hokies,DL,12
2022,Cedric Gray,North Carolina Tar Heels,LB,12
2022,Keshawn Banks,San Diego State Aztecs,DL,12
2022,James Carpenter,James Madison Dukes,DL,12
2022,DJ Schramm,Boise State Broncos,LB,12
2022,Daniel Grzesiak,Utah State Aggies,DE,12
2022,Derick Hall,Auburn Tigers,LB,12
2022,SirVocea Dennis,Pittsburgh Panthers,LB,12
2022,Lonnie Phelps,Kansas Jayhawks,DE,12
2022,Victor Jones,Akron Zips,DL,12
2022,Marlowe Wax,Syracuse Orange,LB,12
2022,Marshawn Kneeland,Western Michigan Broncos,DL,12
2022,Jadrian Taylor,UTEP Miners,DE,12
2022,Zayin West,Kent State Golden Flashes,DE,12
2022,DeWayne Carter,Duke Blue Devils,DT,11
2022,Deontae Craig,Iowa Hawkeyes,DL,11
2022,Jordan Revels,Texas State Bobcats,LB,11
2022,Corvin Moment,Western Michigan Broncos,LB,11
2022,Myles Murphy,Clemson Tigers,DE,11
2022,Felix Anudike-Uzomah,Kansas State Wildcats,DE,11
2021,Will Anderson Jr.,Alabama Crimson Tide,LB,31
2021,Devin Lloyd,Utah Utes,LB,22
2021,Nick Heninger,Utah State Aggies,DE,21
2021,Cameron Thomas,San Diego State Aztecs,DL,21
2021,D'Marco Jackson,App State Mountaineers,LB,20
2021,Scott Patchan,Colorado State Rams,DL,20
2021,Leo Chenal,Wisconsin Badgers,LB,19
2021,Jalen Pitre,Baylor Bears,S,19
2021,Arnold Ebiketie,Penn State Nittany Lions,DE,18
2021,Joey Noble,New Mexico Lobos,DE,18
2021,Ali Fayad,Western Michigan Broncos,DL,18
2021,DeAngelo Malone,Western Kentucky Hilltoppers,DE,18
2021,Nick Hampton,App State Mountaineers,LB,18
2021,Jermaine Johnson,Florida State Seminoles,DE,18
2021,Andre Carter II,Army Black Knights,LB,17
2021,Javon Solomon,Troy Trojans,LB,17
2021,DQ Thomas,Middle Tennessee Blue Raiders,LB,17
2021,Vince Sanford,Air Force Falcons,LB,17
2021,Ralph Holley,Western Michigan Broncos,DL,17
2021,Aidan Hutchinson,Michigan Wolverines,DL,17
2021,Jordan Ferguson,Middle Tennessee Blue Raiders,DE,17
2021,Darius Hodges,Tulane Green Wave,LB,17
2021,Yasir Abdullah,Louisville Cardinals,LB,17
2021,Rondell Bothroyd,Wake Forest Demon Deacons,DL,17
2021,Clarence Hicks,UTSA Roadrunners,LB,17
2021,Malcolm Rodriguez,Oklahoma State Cowboys,LB,16
2021,JoJo Ozougwu,Arkansas State Red Wolves,DE,16
2021,Troy Hairston,Central Michigan Chippewas,DL,16
2021,Jack Sanborn,Wisconsin Badgers,LB,16
2021,Daniel Green,Kansas State Wildcats,LB,16
2021,Josaiah Stewart,Coastal Carolina Chanticleers,DT,16
2021,Arron Mosby,Fresno State Bulldogs,DE,16
2021,Collin Oliver,Oklahoma State Cowboys,DE,16
2021,KD Davis,North Texas Mean Green,LB,16
2021,Micah McFadden,Indiana Hoosiers,LB,16
2021,Kivon Bennett,Arkansas State Red Wolves,DL,16
2021,Chris Ojoh,New Mexico State Aggies,LB,16
2021,Dante Stills,West Virginia Mountaineers,DL,15
2021,Nik Bonitto,Oklahoma Sooners,LB,15
2021,Blaze Alldredge,Missouri Tigers,LB,15
2021,Jaxon Player,Tulsa Golden Hurricane,DL,15
2021,Zach VanValkenburg,Iowa Hawkeyes,DL,15
2021,Jamal Hines,Toledo Rockets,LB,15
2021,Damone Clark,Louisiana State Tigers,LB,15
2021,Josh Paschal,Kentucky Wildcats,DE,15
2021,Grayson Murphy,North Texas Mean Green,DE,15
2021,Nick Herbig,Wisconsin Badgers,LB,15
2021,Corvin Moment,Western Michigan Broncos,LB,15
2021,Felix Anudike-Uzomah,Kansas State Wildcats,DE,15
2021,Chauncey Manac,Louisiana Ragin' Cajuns,LB,15
2021,Brenton Cox Jr.,Florida Gators,LB,15
2021,Myles Murphy,Clemson Tigers,DE,15
2021,Kam Butler,Miami (OH) RedHawks,DL,14
2021,Darius Muasau,Hawai'i Rainbow Warriors,LB,14
2021,Sam Williams,Mississippi Rebels,DL,14
2021,Brock Martin,Oklahoma State Cowboys,DE,14
2021,Isaiah McGuire,Missouri Tigers,DL,14
2021,Jonah Tavai,San Diego State Aztecs,DL,14
2021,Carson Wells,Colorado Buffaloes,LB,14
2021,Tyree Wilson,Texas Tech Red Raiders,DL,14
2021,Justin Rice,Utah State Aggies,LB,14
2021,Lonnie Phelps,Miami (OH) RedHawks,DL,14
2021,David Perales,Fresno State Bulldogs,DE,14
2021,Drake Thomas,NC State Wolfpack,LB,14
2021,Will McDonald IV,Iowa State Cyclones,DE,13
2021,Big Kat Bryant,UCF Knights,DL,13
2021,Calijah Kancey,Pittsburgh Panthers,DL,13
2021,Mika Tafua,Utah Utes,DE,13
2021,Ivan Pace Jr.,Miami (OH) RedHawks,LB,13
2021,Luke Masterson,Wake Forest Demon Deacons,DB,13
2021,Anfernee Orji,Vanderbilt Commodores,LB,13
2021,Logan Hall,Houston Cougars,DL,13
2021,Kevin Atkins,Fresno State Bulldogs,DT,13
2021,Storey Jackson,Liberty Flames,LB,13
2021,DeMarvin Leal,Texas A&M Aggies,DL,13
2021,Trenton Simpson,Clemson Tigers,LB,13
2021,Viliami Fehoko Jr.,San Jose State Spartans,DL,13
2021,Desjuan Johnson,Toledo Rockets,DE,13
2021,Ben Kimpler,Miami (OH) RedHawks,DL,13
2021,Karl Brooks,Bowling Green Falcons,DL,13
2021,Cody Roscoe,Syracuse Orange,DL,13
2021,Curtis Brooks,Cincinnati Bearcats,DL,13
2021,Terrel Bernard,Baylor Bears,LB,13
2021,Derick Hall,Auburn Tigers,LB,13
2021,Gabriel Murphy,North Texas Mean Green,DE,13
2021,Chance Campbell,Mississippi Rebels,LB,13
2021,Mikel Jones,Syracuse Orange,LB,12
2021,Eyioma Uwazurike,Iowa State Cyclones,DE,12
2021,Kayvon Thibodeaux,Oregon Ducks,DE,12
2021,BJ Ojulari,Louisiana State Tigers,DE,12
2021,Habakkuk Baldonado,Pittsburgh Panthers,DL,12
2021,Praise Amaewhule,UTEP Miners,DE,12
2021,Mike Rose,Iowa State Cyclones,LB,12
2021,Derek Parish,Houston Cougars,DL,12
2021,Keir Thomas,Florida State Seminoles,DE,12
2021,Hayden Henry,Arkansas Razorbacks,LB,12
2021,James Patterson,Buffalo Bulls,LB,12
2021,David Ojabo,Michigan Wolverines,LB,12
2021,Jeremy Banks,Tennessee Volunteers,LB,12
2021,Garrett Nelson,Nebraska Cornhuskers,LB,12
2020,Justin Rice,Arkansas State Red Wolves,LB,19
2020,Carson Wells,Colorado Buffaloes,LB,16
2020,Amare Barno,Virginia Tech Hokies,DL,16
2020,Jaelan Phillips,Miami Hurricanes,DL,16
2020,Joseph Ossai,Texas Longhorns,LB,16
2020,Dorian Williams,Tulane Green Wave,LB,16
2020,Khari Coleman,TCU Horned Frogs,DE,15
2020,Quincy Roche,Miami Hurricanes,DL,15
2020,Tarron Jackson,Coastal Carolina Chanticleers,DE,14
2020,SirVocea Dennis,Pittsburgh Panthers,LB,14
2020,Rashad Weaver,Pittsburgh Panthers,DL,14
2020,Jordan Strachan,Georgia State Panthers,LB,14
2020,Daviyon Nixon,Iowa Hawkeyes,DT,14
2020,Raymond Johnson III,Georgia Southern Eagles,DE,14
2020,Will McDonald IV,Iowa State Cyclones,DE,13
2020,Demetrius Taylor,App State Mountaineers,DL,13
2020,JaQuan Bailey,Iowa State Cyclones,DE,13
2020,Wyatt Hubert,Kansas State Wildcats,DE,13
2020,Christopher Allen,Alabama Crimson Tide,LB,13
2020,Nico Ezidore,Texas State Bobcats,DL,13
2020,Troy Hairston,Central Michigan Chippewas,LB,13
2020,Viliami Fehoko Jr.,San Jose State Spartans,DE,13
2020,Ochaun Mathis,TCU Horned Frogs,DE,13
2020,Jeff Gunter,Coastal Carolina Chanticleers,LB,13
2020,Azeez Ojulari,Georgia Bulldogs,LB,13
2020,Pat Jones II,Pittsburgh Panthers,DL,13
2020,Isaiah Thomas,Oklahoma Sooners,DL,12
2020,Cade Hall,San Jose State Spartans,DL,12
2020,Chris Rumph II,Duke Blue Devils,DE,12
2020,Mike Tverdov,Rutgers Scarlet Knights,DL,12
2020,Leighton McCarthy,Florida Atlantic Owls,LB,12
2020,Morris Joseph,Memphis Tigers,DL,12
2020,Nik Bonitto,Oklahoma Sooners,LB,12
2020,Patrick Johnson,Tulane Green Wave,DE,12
2020,Payton Wilson,NC State Wolfpack,LB,12
2020,Isaiah Moore,NC State Wolfpack,LB,11
2020,Jeremiah Owusu-Koramoah,Notre Dame Fighting Irish,LB,11
2020,Miles Fox,Wake Forest Demon Deacons,DL,11
2020,C.J. Brewer,Coastal Carolina Chanticleers,DT,11
2020,Jalen Pitre,Baylor Bears,S,11
2020,Diego Fagot,Navy Midshipmen,LB,11
2020,Trey Sterling,Oklahoma State Cowboys,S,11
2020,Durrell Johnson,Liberty Flames,DE,11
2020,Nick Anderson,Tulane Green Wave,LB,11
2020,Enock Makonzo,Coastal Carolina Chanticleers,LB,11
2020,Myjai Sanders,Cincinnati Bearcats,DE,11
2020,Baylon Spector,Clemson Tigers,LB,11
2020,Tomon Fox,North Carolina Tar Heels,LB,11
2020,DeAngelo Malone,Western Kentucky Hilltoppers,DE,11
2020,Will Anderson Jr.,Alabama Crimson Tide,LB,11
2020,Myles Murphy,Clemson Tigers,DE,11
2020,Mike Rose,Iowa State Cyclones,LB,11
2020,Payton Turner,Houston Cougars,DL,11
2020,Ronnie Perkins,Oklahoma Sooners,DE,11
2020,Micah McFadden,Indiana Hoosiers,LB,11
2020,Chuck Wiley,UTSA Roadrunners,LB,10
2020,Daniel Joseph,NC State Wolfpack,DL,10
2020,Caden McDonald,San Diego State Aztecs,LB,10
2020,Brenton Cox Jr.,Florida Gators,LB,10
2020,Jake Hansen,Illinois Fighting Illini,LB,10
2020,Jamar Watson,Kentucky Wildcats,LB,10
2020,Milton Williams,Louisiana Tech Bulldogs,DL,10
2020,Devin Lloyd,Utah Utes,LB,10
2020,TreShaun Clark,Liberty Flames,DE,10
2020,Carlton Martial,Troy Trojans,LB,10
2020,Charles Snowden,Virginia Cavaliers,LB,10
2020,Christian Barmore,Alabama Crimson Tide,DL,10
2020,Blake Gallagher,Northwestern Wildcats,LB,10
2020,Dorian Etheridge,Louisville Cardinals,LB,10
2020,Terrell Dawkins,NC State Wolfpack,DE,10
2020,Justin Wright,Tulsa Golden Hurricane,LB,10
2020,Ali Gaye,Louisiana State Tigers,DL,10
2020,Tyler Grubbs,Louisiana Tech Bulldogs,LB,10
2020,Drake Thomas,NC State Wolfpack,LB,10
2020,Dee Winters,TCU Horned Frogs,LB,10
2020,Darius Muasau,Hawai'i Rainbow Warriors,LB,10
2020,Dante Stills,West Virginia Mountaineers,DL,10
2020,Kayvon Thibodeaux,Oregon Ducks,DE,10
2020,Olakunle Fatukasi,Rutgers Scarlet Knights,LB,10
2020,Cameron Thomas,San Diego State Aztecs,DL,10
2020,Trey Cobb,App State Mountaineers,LB,10
2020,Kyle Bailey,Western Kentucky Hilltoppers,LB,9
2020,Ralph Holley,Western Michigan Broncos,DT,9
2020,Jordan Smith,UAB Blazers,LB,9
2020,Nate Landman,Colorado Buffaloes,LB,9
2020,Zach Carter,Florida Gators,DL,9
2020,A.J. Thomas,Western Michigan Broncos,S,9
2020,Antjuan Simmons,Michigan State Spartans,LB,9
2020,Garret Wallow,TCU Horned Frogs,LB,9
2020,Drew Wiley,Kansas State Wildcats,DT,9
2020,Colby Wooden,Auburn Tigers,LB,9
2020,Gilbert Frierson,Miami Hurricanes,DB,9
2020,Darius Hodge,Marshall Thundering Herd,DL,9
2020,David Curry,Georgia Tech Yellow Jackets,LB,9
2020,Trevor Harmanson,UTSA Roadrunners,LB,9
2020,Justin Ellis,Georgia Southern Eagles,DE,9
2020,Justus Reed,Virginia Tech Hokies,DL,9
2020,Jon Rhattigan,Army Black Knights,LB,9
2020,Khoury Bethley,Hawai'i Rainbow Warriors,DB,9
2020,Drew White,Notre Dame Fighting Irish,LB,9
2019,Hamilcar Rashed Jr.,Oregon State Beavers,LB,23
2019,Alex Highsmith,Charlotte 49ers,DE,22
2019,Blaze Alldredge,Rice Owls,LB,22
2019,Chase Young,Ohio State Buckeyes,DE,21
2019,DeAngelo Malone,Western Kentucky Hilltoppers,DL,21
2019,Jordyn Brooks,Texas Tech Red Raiders,LB,20
2019,Zack Baun,Wisconsin Badgers,LB,20
2019,Greg Rousseau,Miami Hurricanes,DL,20
2019,James Lynch,Baylor Bears,DT,20
2019,Curtis Weaver,Boise State Broncos,LB,20
2019,Keion White,Old Dominion Monarchs,DE,19
2019,Quincy Roche,Temple Owls,DE,19
2019,Carlton Martial,Troy Trojans,LB,19
2019,Boogie Basham,Wake Forest Demon Deacons,DL,18
2019,Garret Wallow,TCU Horned Frogs,LB,18
2019,Patrick Nelson,SMU Mustangs,S,18
2019,Troy Brown,Central Michigan Chippewas,LB,18
2019,Kenneth Murray Jr.,Oklahoma Sooners,LB,17
2019,George Karlaftis,Purdue Boilermakers,DE,17
2019,Rayshard Ashby,Virginia Tech Hokies,LB,17
2019,Delontae Scott,SMU Mustangs,DE,17
2019,Joe Gaziano,Northwestern Wildcats,DL,17
2019,Isaiah Simmons,Clemson Tigers,LB,17
2019,Malik Harrison,Ohio State Buckeyes,LB,17
2019,Jacob Springer,Navy Midshipmen,LB,16
2019,Sean Adesanya,Central Michigan Chippewas,DL,16
2019,Kendall Futrell,East Carolina Pirates,DL,16
2019,Jonathan Greenard,Florida Gators,LB,16
2019,Akileis Leroy,Florida Atlantic Owls,LB,16
2019,Shaquille Quarterman,Miami Hurricanes,LB,16
2019,Kenny Willekes,Michigan State Spartans,DE,16
2019,Amen Ogbongbemiga,Oklahoma State Cowboys,LB,16
2019,Jessie Lemonier,Liberty Flames,DL,16
2019,Bryce Huff,Memphis Tigers,DE,16
2019,Dom Peterson,Nevada Wolf Pack,DE,15
2019,DQ Thomas,Southern Miss Golden Eagles,DB,15
2019,Chazz Surratt,North Carolina Tar Heels,LB,15
2019,Trevis Gipson,Tulsa Golden Hurricane,DE,15
2019,Kristopher Moll,UAB Blazers,LB,15
2019,Antjuan Simmons,Michigan State Spartans,LB,15
2019,Akeem Davis-Gaither,App State Mountaineers,LB,15
2019,Keandre Jones,Maryland Terrapins,LB,15
2019,Yetur Gross-Matos,Penn State Nittany Lions,DE,15
2019,Jordan Smith,UAB Blazers,LB,15
2019,Bryan Wright,Cincinnati Bearcats,LB,15
2019,Joseph Dorceus,Memphis Tigers,DL,15
2019,Kayvon Thibodeaux,Oregon Ducks,DE,14
2019,Max Richardson,Boston College Eagles,LB,14
2019,Cameron Goode,California Golden Bears,LB,14
2019,Tyreke Davis,North Texas Mean Green,LB,14
2019,Rayshad Jackson,UNLV Rebels,LB,14
2019,Jeffery Whatley,South Alabama Jaguars,DL,14
2019,Dante Stills,West Virginia Mountaineers,DL,14
2019,Dele Harding,Illinois Fighting Illini,LB,14
2019,Micah Parsons,Penn State Nittany Lions,LB,14
2019,A.J. Epenesa,Iowa Hawkeyes,DE,14
2019,Bradlee Anae,Utah Utes,DE,14
2019,Chris Orr,Wisconsin Badgers,LB,14
2019,William Bradley-King,Arkansas State Red Wolves,DE,14
2019,Kenny Turnier,UCF Knights,DL,14
2019,Ronnie Perkins,Oklahoma Sooners,DL,14
2019,Keshawn Banks,San Diego State Aztecs,DL,14
2019,K'Lavon Chaisson,Louisiana State Tigers,LB,14
2019,Jeremiah Owusu-Koramoah,Notre Dame Fighting Irish,LB,14
2019,Chris Rumph II,Duke Blue Devils,DE,14
2019,Joseph Ossai,Texas Longhorns,LB,14
2019,Kam Butler,Miami (OH) RedHawks,DL,14
2019,Demetrius Taylor,App State Mountaineers,DL,13
2019,Chase Hatada,Boise State Broncos,DT,13
2019,Nate Evans,UCF Knights,LB,13
2019,Markees Watts,Charlotte 49ers,LB,13
2019,Oluwole Betiku Jr.,Illinois Fighting Illini,DL,13
2019,Bravvion Roy,Baylor Bears,DT,13
2019,Jacquies Turner,Southern Miss Golden Eagles,DL,13
2019,Dion Novil,North Texas Mean Green,DL,13
2019,Ali Fayad,Western Michigan Broncos,DE,13
2019,Tarron Jackson,Coastal Carolina Chanticleers,DE,13
2019,Joe Tryon-Shoyinka,Washington Huskies,LB,13
2019,Lakiem Williams,Syracuse Orange,LB,13
2019,Zane Zandier,Virginia Cavaliers,LB,13
2019,Anfernee Jennings,Alabama Crimson Tide,LB,13
2019,Kwity Paye,Michigan Wolverines,DL,13
2019,Wyatt Hubert,Kansas State Wildcats,DE,13
2019,Garrett Marino,UAB Blazers,DL,13
2019,Juwuan Jones,Western Kentucky Hilltoppers,DL,13
2019,Dwayne Boyles,South Florida Bulls,LB,13
2019,Michael Pinckney,Miami Hurricanes,LB,13
2019,Koby Quansah,Duke Blue Devils,LB,12
2019,Noah Taylor,Virginia Cavaliers,LB,12
2019,Chance Purvis,East Carolina Pirates,DL,12
2019,Diego Fagot,Navy Midshipmen,LB,12
2019,Nikolas Daniels,Texas State Bobcats,LB,12
2019,Khaylan Kearse-Thomas,Arizona State Sun Devils,LB,12
2019,Dayo Odeyingbo,Vanderbilt Commodores,DL,12
2019,Darius Stills,West Virginia Mountaineers,DL,12
2019,LaQuan Johnson,Central Michigan Chippewas,DL,12
2019,Doug Costin,Miami (OH) RedHawks,DL,12
2019,DQ Thomas,Middle Tennessee Blue Raiders,LB,12
2019,Larrell Murchison,NC State Wolfpack,DT,12
2019,Randy Wade Jr.,Georgia Southern Eagles,LB,12
2018,Sutton Smith,Northern Illinois Huskies,DE,27
2018,Jaylon Ferguson,Louisiana Tech Bulldogs,DE,26
2018,E.J. Ejiya,North Texas Mean Green,LB,26
2018,Nate Harvey,East Carolina Pirates,LB,25
2018,Chase Hansen,Utah Utes,LB,22
2018,Josh Allen,Kentucky Wildcats,LB,22
2018,Colin Schooler,Arizona Wildcats,LB,22
2018,Kenny Willekes,Michigan State Spartans,DE,21
2018,Clelin Ferrell,Clemson Tigers,DE,20
2018,Yetur Gross-Matos,Penn State Nittany Lions,DE,20
2018,David Long Jr.,West Virginia Mountaineers,LB,20
2018,Quinnen Williams,Alabama Crimson Tide,DL,20
2018,Jachai Polite,Florida Gators,DL,20
2018,Bryce Huff,Memphis Tigers,LB,19
2018,Maxx Crosby,Eastern Michigan Eagles,DL,19
2018,Ronheen Bingham,Arkansas State Red Wolves,DE,19
2018,Cortez Broughton,Cincinnati Bearcats,DT,19
2018,Alex Highsmith,Charlotte 49ers,DE,19
2018,Brandon Garner,North Texas Mean Green,LB,18
2018,Gerald Willis III,Miami Hurricanes,DL,18
2018,Oshane Ximines,Old Dominion Monarchs,DE,18
2018,Ben Banogu,TCU Horned Frogs,DE,18
2018,Jeffery Simmons,Mississippi State Bulldogs,DT,18
2018,Charles Omenihu,Texas Longhorns,DL,18
2018,Jordan Brailford,Oklahoma State Cowboys,DE,17
2018,Titus Davis,UCF Knights,DL,17
2018,Alton Robinson,Syracuse Orange,DL,17
2018,Jonathan Garvin,Miami Hurricanes,DL,17
2018,Ryan Guthrie,Syracuse Orange,LB,17
2018,Gary Johnson Jr.,Texas Longhorns,LB,17
2018,A.J. Epenesa,Iowa Hawkeyes,DE,17
2018,Jamal Davis II,Akron Zips,DE,16
2018,Mustafa Johnson,Colorado Buffaloes,DL,16
2018,David Griffith,UL Monroe Warhawks,LB,16
2018,Jamell Garcia-Williams,UAB Blazers,DL,16
2018,Chase Winovich,Michigan Wolverines,DL,16
2018,Brian Burns,Florida State Seminoles,DE,16
2018,Malik Reed,Nevada Wolf Pack,LB,16
2018,Austin Bryant,Clemson Tigers,DE,15
2018,Carter Coughlin,Minnesota Golden Gophers,LB,15
2018,Zach Allen,Boston College Eagles,DE,15
2018,Deshaun Davis,Auburn Tigers,LB,15
2018,Blake Cashman,Minnesota Golden Gophers,LB,15
2018,Shareef Miller,Penn State Nittany Lions,DE,15
2018,Curtis Weaver,Boise State Broncos,LB,15
2018,Nate Landman,Colorado Buffaloes,LB,15
2018,Montez Sweat,Mississippi State Bulldogs,DE,15
2018,Kyran Mitchell,SMU Mustangs,LB,15
2018,Kyahva Tezino,San Diego State Aztecs,LB,15
2018,JaQuan Bailey,Iowa State Cyclones,DE,15
2018,Joe Jackson,Miami Hurricanes,DL,15
2018,Reggie Howard,Toledo Rockets,DT,15
2018,DQ Thomas,Middle Tennessee Blue Raiders,LB,15
2018,Otaro Alaka,Texas A&M Aggies,LB,15
2018,Ed Oliver,Houston Cougars,DT,15
2018,Antonio Jones-Davis,Northern Illinois Huskies,LB,15
2018,Hunter Reese,Troy Trojans,LB,15
2018,Chase Young,Ohio State Buckeyes,DE,15
2018,Justin Hollins,Oregon Ducks,LB,15
2018,Shaquille Quarterman,Miami Hurricanes,LB,14
2018,Patrick Johnson,Tulane Green Wave,DE,14
2018,Rashad Weaver,Pittsburgh Panthers,DL,14
2018,Austin Robinson,Houston Cougars,LB,14
2018,Bradlee Anae,Utah Utes,DE,14
2018,Evan Croutch,Ohio Bobcats,LB,14
2018,Mike Danna,Central Michigan Chippewas,DL,14
2018,Christian Wilkins,Clemson Tigers,DL,14
2018,Jeff Gunter,Coastal Carolina Chanticleers,DE,14
2018,Jessie Lemonier,Liberty Flames,DL,14
2018,Bobby Roundtree,Illinois Fighting Illini,DL,14
2018,Nick Coe,Auburn Tigers,DL,14
2018,Tipa Galeai,Utah State Aggies,LB,14
2018,Isaiah Buggs,Alabama Crimson Tide,DL,14
2018,Anthony Nelson,Iowa Hawkeyes,DE,14
2018,Gabe McCoy,UNLV Rebels,LB,14
2018,Kaimana Padello,Hawai'i Rainbow Warriors,DL,14
2018,Khalil Brooks,Middle Tennessee Blue Raiders,LB,14
2018,Richard Moore,SMU Mustangs,LB,14
2018,Chris Woolbright,UAB Blazers,LB,14
2018,Mykal Walker,Fresno State Bulldogs,DE,14
2018,Dre'Mont Jones,Ohio State Buckeyes,DT,13
2018,Anfernee Jennings,Alabama Crimson Tide,LB,13
2018,Dajon Emory,Arkansas State Red Wolves,DE,13
2018,Brad Koenig,Miami (OH) RedHawks,LB,13
2018,Luke Gifford,Nebraska Cornhuskers,LB,13
2018,Roy Lopez,New Mexico State Aggies,DL,13
2018,Tre' Crawford,UAB Blazers,LB,13
2018,Josh Corcoran,Northern Illinois Huskies,DE,13
2018,Michael Dogbe,Temple Owls,DT,13
2018,Julian Okwara,Notre Dame Fighting Irish,DL,13
2018,Hamilcar Rashed Jr.,Oregon State Beavers,LB,13
2018,Cornel Jones,Purdue Boilermakers,LB,13
2018,Kenneth Murray,Oklahoma Sooners,LB,13
2018,Korey Rush,Nevada Wolf Pack,DE,13
2018,Reggie Walker,Kansas State Wildcats,DE,13
2018,David Woodward,Utah State Aggies,LB,13
2018,Zachery Harris,Tulane Green Wave,LB,13
2018,Channing Hames,Marshall Thundering Herd,DL,13
2018,Joe Gaziano,Northwestern Wildcats,DL,13
2018,Kevin Thurmon,Arkansas State Red Wolves,DL,12
2017,Sutton Smith,Northern Illinois Huskies,DE,30
2017,Bradley Chubb,NC State Wolfpack,DE,23
2017,Hercules Mata'afa,Washington State Cougars,DL,23
2017,Joe Dineen,Kansas Jayhawks,LB,22
2017,Genard Avery,Memphis Tigers,LB,22
2017,Brian Womac,Rice Owls,DE,21
2017,Ola Adeniyi,Toledo Rockets,DE,20
2017,Da'Sean Downey,Massachusetts Minutemen,DL,20
2017,Joe Ostman,Central Michigan Chippewas,DL,20
2017,Ja'Von Rolland-Jones,Arkansas State Red Wolves,DE,19
2017,Chase Winovich,Michigan Wolverines,DL,19
2017,Clelin Ferrell,Clemson Tigers,DE,18
2017,Jawuan Johnson,Northern Illinois Huskies,LB,18
2017,Marcus Davenport,UTSA Roadrunners,DE,18
2017,Harrison Phillips,Stanford Cardinal,DT,17
2017,Ogbonnia Okoronkwo,Oklahoma Sooners,DE,17
2017,Khalil Brooks,Middle Tennessee Blue Raiders,LB,17
2017,Duke Ejiofor,Wake Forest Demon Deacons,DL,17
2017,Nate Hall,Northwestern Wildcats,LB,17
2017,Anthony Winbush,Ball State Cardinals,DE,17
2017,Maxx Crosby,Eastern Michigan Eagles,DL,17
2017,Ben Banogu,TCU Horned Frogs,DE,17
2017,Ed Oliver,Houston Cougars,DT,17
2017,Joe Giles-Harris,Duke Blue Devils,LB,16
2017,Dalton Herrington,New Mexico State Aggies,LB,16
2017,Mike McCray,Michigan Wolverines,LB,16
2017,Carl Granderson,Wyoming Cowboys,DE,16
2017,Daniel Wise,Kansas Jayhawks,DT,16
2017,Khaleke Hudson,Michigan Wolverines,DB,16
2017,Nick Bosa,Ohio State Buckeyes,DL,16
2017,Zach Allen,Boston College Eagles,DE,16
2017,Kyran Mitchell,SMU Mustangs,LB,16
2017,Jonathan Greenard,Louisville Cardinals,LB,16
2017,David Long Jr.,West Virginia Mountaineers,LB,16
2017,Youhanna Ghaifan,Wyoming Cowboys,DT,16
2017,Terrill Hanks,New Mexico State Aggies,LB,16
2017,Justin Lawler,SMU Mustangs,DE,16
2017,Montez Sweat,Mississippi State Bulldogs,DL,16
2017,Jamal Davis II,Akron Zips,LB,16
2017,Jalen Jelks,Oregon Ducks,DL,16
2017,Alex Aukerman,Army Black Knights,LB,16
2017,Marcell Frazier,Missouri Tigers,DL,16
2017,Austin Bryant,Clemson Tigers,DE,16
2017,Mat Boesen,TCU Horned Frogs,DE,15
2017,Austin Paulhus,Nevada Wolf Pack,LB,15
2017,Fermin Silva,Florida International Panthers,DL,15
2017,Troy Dye,Oregon Ducks,LB,14
2017,Oshane Ximines,Old Dominion Monarchs,DE,14
2017,Roquan Smith,Georgia Bulldogs,LB,14
2017,Tremaine Edmunds,Virginia Tech Hokies,LB,14
2017,Greg Reaves,South Florida Bulls,LB,14
2017,Dare Odeyingbo,Vanderbilt Commodores,DE,14
2017,Josey Jewell,Iowa Hawkeyes,LB,14
2017,Devin White,Louisiana State Tigers,LB,14
2017,Sam Hubbard,Ohio State Buckeyes,DE,14
2017,Sharif Finch,Temple Owls,DL,14
2017,Cece Jefferson,Florida Gators,DL,14
2017,Al-Rasheed Benton,West Virginia Mountaineers,LB,14
2017,James Hearns,Louisville Cardinals,LB,14
2017,Colin Schooler,Arizona Wildcats,LB,14
2017,Shaquem Griffin,UCF Knights,LB,14
2017,D'Andre Walker,Georgia Bulldogs,LB,14
2017,Brian Burns,Florida State Seminoles,DE,14
2017,Hunter Reese,Troy Trojans,LB,14
2017,J.D. Waggoner,Iowa State Cyclones,DE,14
2017,Tony Lashley,,LB,13
2017,Maurice Hurst II,Michigan Wolverines,DL,13
2017,Joe Gaziano,Northwestern Wildcats,DL,13
2017,Bruce Hector,South Florida Bulls,DT,13
2017,Rashaan Evans,Alabama Crimson Tide,LB,13
2017,Curtis Weaver,Boise State Broncos,DE,13
2017,Jaboree Williams,Wake Forest Demon Deacons,LB,13
2017,D.J. Wonnum,South Carolina Gamecocks,DL,13
2017,JoJo Wicker,Arizona State Sun Devils,DL,13
2017,Antonious Sims,App State Mountaineers,DL,13
2017,Frank Ginda,San Jose State Spartans,LB,13
2017,Kenny Willekes,Michigan State Spartans,DE,13
2017,Kaden Elliss,,LB,13
2017,Aikeem Coleman,,DL,13
2017,Shaq Jones,UAB Blazers,DL,13
2017,Jeremiah Harris,Eastern Michigan Eagles,DL,13
2017,Ricky Walker,Virginia Tech Hokies,DT,13
2017,Gelen Robinson,Purdue Boilermakers,DE,13
2017,Josh Sweat,Florida State Seminoles,DE,13
2017,Terez Hall,Missouri Tigers,LB,13
2017,Tegray Scales,Indiana Hoosiers,LB,13
2017,Jeff Holland,Auburn Tigers,LB,13
2017,Rasheem Green,USC Trojans,DT,13
2017,RJ McIntosh,Miami Hurricanes,DL,13
2017,Cedric Wilcots II,New Mexico State Aggies,DL,13
2017,Chad Thomas,Miami Hurricanes,DL,13
2017,Tim Settle,Virginia Tech Hokies,DT,13
2017,D.J. Palmore,Navy Midshipmen,LB,13
2017,Sione Takitaki,BYU Cougars,DL,13
2017,Jaylon Ferguson,Louisiana Tech Bulldogs,DE,13
2017,Bobby Jones IV,Northern Illinois Huskies,LB,13
2017,Tevis Bartlett,Washington Huskies,LB,12
2017,Evan Colorito,Colorado State Rams,LB,12
2017,Jeffery Simmons,Mississippi State Bulldogs,DL,12
2017,Frankie Luvu,Washington State Cougars,LB,12
2016,Tegray Scales,Indiana Hoosiers,LB,24
2016,Ejuan Price,Pittsburgh Panthers,DL,23
2016,Haason Reddick,Temple Owls,DL,23
2016,Ed Oliver,Houston Cougars,DT,22
2016,Harold Landry III,Boston College Eagles,DE,22
2016,Bradley Chubb,NC State Wolfpack,DE,21
2016,Dorance Armstrong,Kansas Jayhawks,DE,20
2016,Shaquem Griffin,UCF Knights,LB,20
2016,Marquel Lee,Wake Forest Demon Deacons,LB,20
2016,Jahlani Tavai,Hawai'i Rainbow Warriors,LB,20
2016,Hunter Dimick,Utah Utes,DE,20
2016,Ja'Von Rolland-Jones,Arkansas State Red Wolves,DE,20
2016,DeMarcus Walker,Florida State Seminoles,DE,20
2016,Randy Allen,South Alabama Jaguars,DE,20
2016,Tanzel Smart,Tulane Green Wave,DT,19
2016,Carroll Phillips,Illinois Fighting Illini,DL,19
2016,Derek Barnett,Tennessee Volunteers,DE,19
2016,Woody Baron,Virginia Tech Hokies,DT,19
2016,Ryan Anderson,Alabama Crimson Tide,LB,19
2016,Kyle Wilson,Arkansas State Red Wolves,LB,18
2016,Keion Adams,Western Michigan Broncos,DE,18
2016,Takkarist McKinley,UCLA Bruins,DL,18
2016,Jordan Willis,Kansas State Wildcats,DE,18
2016,Chris Odom,Arkansas State Red Wolves,DE,18
2016,Duke Ejiofor,Wake Forest Demon Deacons,DL,17
2016,Tremaine Edmunds,Virginia Tech Hokies,LB,17
2016,Zach Cunningham,Vanderbilt Commodores,LB,17
2016,Tau Lotulelei,UNLV Rebels,LB,17
2016,Marcus Oliver,Indiana Hoosiers,LB,16
2016,Tim Williams,Alabama Crimson Tide,LB,16
2016,Jonathan Allen,Alabama Crimson Tide,DL,16
2016,T.J. Watt,Wisconsin Badgers,LB,16
2016,Dylan Bradley,Southern Miss Golden Eagles,DL,16
2016,Jordan Jones,Kentucky Wildcats,LB,16
2016,Patrick O'Connor,Eastern Michigan Eagles,DL,15
2016,Justin Lawler,SMU Mustangs,DE,15
2016,Trey Hendrickson,Florida Atlantic Owls,DE,15
2016,Terence Waugh,Kent State Golden Flashes,DE,15
2016,Alex Aukerman,Army Black Knights,LB,15
2016,Blair Brown,Ohio Bobcats,LB,15
2016,Dawuane Smoot,Illinois Fighting Illini,DL,15
2016,Myles Garrett,Texas A&M Aggies,DL,15
2016,Ben Gedeon,Michigan Wolverines,LB,15
2016,Tarell Basham,Ohio Bobcats,DL,15
2016,Brandon Crawford,Buffalo Bulls,DL,15
2016,John Stepec,Toledo Rockets,DE,15
2016,Kevin Kavalec,Boston College Eagles,DE,15
2016,Jimmie Gilbert,Colorado Buffaloes,LB,14
2016,Carl Lawson,Auburn Tigers,DL,14
2016,Sam McCaskill,Boise State Broncos,DE,14
2016,Airius Moore,NC State Wolfpack,LB,14
2016,Solomon Thomas,Stanford Cardinal,DE,14
2016,Jesse Aniebonam,Maryland Terrapins,DL,14
2016,Jaylon Ferguson,Louisiana Tech Bulldogs,DE,14
2016,Joe Dillon,Louisiana Ragin' Cajuns,LB,14
2016,Hercules Mata'afa,Washington State Cougars,DL,14
2016,Taco Charlton,Michigan Wolverines,DE,14
2016,Mike McCray,Michigan Wolverines,LB,14
2016,Jesse Brubaker,Tulsa Golden Hurricane,DT,14
2016,Xavier Thigpen,Southern Miss Golden Eagles,DL,14
2016,Larry Ogunjobi,Charlotte 49ers,DL,14
2016,Breckyn Hager,Texas Longhorns,LB,14
2016,Quentin Poling,Ohio Bobcats,LB,14
2016,Joe Ostman,Central Michigan Chippewas,DL,14
2016,Garrett Sickels,Penn State Nittany Lions,DE,13
2016,Andrew Brown,Virginia Cavaliers,DE,13
2016,Vincent Taylor,Oklahoma State Cowboys,DT,13
2016,Nico Marley,Tulane Green Wave,LB,13
2016,Reuben Foster,Alabama Crimson Tide,LB,13
2016,Darius English,South Carolina Gamecocks,DL,13
2016,Jabrill Peppers,Michigan Wolverines,LB,13
2016,Jeremy Timpf,Army Black Knights,LB,13
2016,DeAngelo Brown,Louisville Cardinals,DT,13
2016,Christian Wilkins,Clemson Tigers,DL,13
2016,Daeshon Hall,Texas A&M Aggies,DL,13
2016,Alex Barrett,San Diego State Aztecs,DL,13
2016,Rashad Dillard,Troy Trojans,DE,13
2016,Keith Brown,Western Kentucky Hilltoppers,LB,13
2016,Porter Gustin,USC Trojans,DE,13
2016,Ja'Wuan Woodley,Toledo Rockets,LB,13
2016,Errol Clarke,UCF Knights,LB,13
2016,Arden Key,Louisiana State Tigers,DE,13
2016,J'Terius Jones,Miami (OH) RedHawks,DL,13
2016,Clelin Ferrell,Clemson Tigers,DE,13
2016,Carlos Watkins,Clemson Tigers,DT,13
2016,Terrill Hanks,New Mexico State Aggies,LB,13
2016,Gimel President,Illinois Fighting Illini,DL,13
2016,Chris Johnson,Western Kentucky Hilltoppers,DL,13
2016,Ross Dzuris,Nebraska Cornhuskers,DE,13
2016,Steven Taylor,Houston Cougars,LB,12
2016,Johnathan Calvin,Mississippi State Bulldogs,DL,12
2016,Matt Milano,Boston College Eagles,LB,12
2016,Patrick Levels,Baylor Bears,DB,12
2016,Gus Schwieterman,Bowling Green Falcons,DL,12
2016,David Griffith,UL Monroe Warhawks,LB,12
2016,Pita Taumoepenu,Utah Utes,DE,12
2016,Troy Dye,Oregon Ducks,LB,12
2016,Charles Harris,Missouri Tigers,DE,12
2016,Ogbo Okoronkwo,Oklahoma Sooners,LB,12
2016,Antonious Sims,App State Mountaineers,DL,12
2015,Shaq Lawson,Clemson Tigers,DE,25
2015,Kevin Dodd,Clemson Tigers,DE,24
2015,Devonte Fields,Louisville Cardinals,LB,22
2015,Salamo Fiso,Arizona State Sun Devils,LB,22
2015,Antonio Longino,Arizona State Sun Devils,LB,21
2015,Joe Schobert,Wisconsin Badgers,LB,20
2015,Carl Nassib,Penn State Nittany Lions,DE,20
2015,Myles Garrett,Texas A&M Aggies,DL,20
2015,Jatavis Brown,Akron Zips,LB,20
2015,Ejuan Price,Pittsburgh Panthers,DL,20
2015,Bronson Kaufusi,BYU Cougars,DL,20
2015,Elandon Roberts,Houston Cougars,LB,19
2015,Anthony Walker Jr.,Northwestern Wildcats,LB,19
2015,Ronald Blair III,App State Mountaineers,DL,19
2015,Kennedy Tulimasealii,Hawai'i Rainbow Warriors,DL,19
2015,Ian Seau,Nevada Wolf Pack,DE,19
2015,Charles Harris,Missouri Tigers,DL,19
2015,Steven Taylor,Houston Cougars,LB,19
2015,Jeremy Cash,Duke Blue Devils,S,18
2015,Jonathan Bullard,Florida Gators,DL,18
2015,Matt Milano,Boston College Eagles,LB,18
2015,Travis Feeney,Washington Huskies,LB,18
2015,Eric Striker,Oklahoma Sooners,LB,18
2015,DeForest Buckner,Oregon Ducks,DL,17
2015,Tyler Roberts,Troy Trojans,DE,17
2015,Emmanuel Ogbah,Oklahoma State Cowboys,DE,17
2015,Marquis Haynes Sr.,Mississippi Rebels,DE,17
2015,Harold Landry III,Boston College Eagles,DL,16
2015,Steven Daniels,Boston College Eagles,LB,16
2015,Joey Bosa,Ohio State Buckeyes,DL,16
2015,Matt Linscott,Tulsa Golden Hurricane,LB,16
2015,Ejiro Ederaine,Fresno State Bulldogs,LB,16
2015,Andrew King,Army Black Knights,LB,16
2015,Tyler Matakevich,Temple Owls,LB,16
2015,Alex Hansen,Air Force Falcons,DL,16
2015,Sheldon Day,Notre Dame Fighting Irish,DL,16
2015,Larry Ogunjobi,Charlotte 49ers,DL,16
2015,Mike Rose,NC State Wolfpack,DE,16
2015,Trey Hendrickson,Florida Atlantic Owls,DE,15
2015,Shilique Calhoun,Michigan State Spartans,DE,15
2015,Austin Johnson,Penn State Nittany Lions,DT,15
2015,Quinton Bradley,,DE,15
2015,T.J. Neal,Illinois Fighting Illini,LB,15
2015,Su'a Cravens,USC Trojans,S,15
2015,Jaylon Ferguson,Louisiana Tech Bulldogs,DE,15
2015,Mehdi Abdesmad,Boston College Eagles,DL,15
2015,Calvin Munson,San Diego State Aztecs,LB,15
2015,Kyler Fackrell,Utah State Aggies,LB,15
2015,Chris Wormley,Michigan Wolverines,DE,15
2015,Trent Martin,Tulsa Golden Hurricane,LB,15
2015,Daeshon Hall,Texas A&M Aggies,DL,15
2015,Dawuane Smoot,Illinois Fighting Illini,LB,15
2015,Shawn Oakman,Baylor Bears,DE,15
2015,Yannick Ngakoue,Maryland Terrapins,DL,15
2015,Dominique Tovell,Louisiana Ragin' Cajuns,LB,15
2015,Jonathan Allen,Alabama Crimson Tide,DL,15
2015,J'Terius Jones,Miami (OH) RedHawks,LB,15
2015,Jamal Palmer,Baylor Bears,DE,15
2015,Aziz Shittu,Stanford Cardinal,DE,15
2015,Alvin Jones Jr.,UTEP Miners,LB,15
2015,Zach Cunningham,Vanderbilt Commodores,LB,14
2015,B.J. Goodson,Clemson Tigers,LB,14
2015,Kevin Davis,Colorado State Rams,LB,14
2015,DeMarcus Walker,Florida State Seminoles,DE,14
2015,Tanzel Smart,Tulane Green Wave,DT,14
2015,Jalen Reeves-Maybin,Tennessee Volunteers,LB,14
2015,Jake Replogle,Purdue Boilermakers,DT,14
2015,Jordan Willis,Kansas State Wildcats,DE,14
2015,Michael Wakefield,Florida International Panthers,DE,14
2015,Andrew Billings,Baylor Bears,DT,14
2015,Jermaine Carter,Maryland Terrapins,LB,14
2015,Tyquan Lewis,Ohio State Buckeyes,DL,14
2015,Michael Johnson,UL Monroe Warhawks,LB,14
2015,Micah Kiser,Virginia Cavaliers,LB,14
2015,Darryl Paulo,Washington State Cougars,DL,14
2015,Romeo Okwara,Notre Dame Fighting Irish,DL,14
2015,Pete Robertson,Texas Tech Red Raiders,LB,14
2015,Nick Vigil,Utah State Aggies,LB,14
2015,Gionni Paul,Utah Utes,LB,14
2015,Taylor Young,Baylor Bears,LB,14
2015,Orion Jones,Toledo Rockets,DT,14
2015,Denzel Johnson,TCU Horned Frogs,S,14
2015,Royce LaFrance,Tulane Green Wave,DE,14
2015,Brian Anderson,Southern Miss Golden Eagles,LB,14
2015,Deion Jones,Louisiana State Tigers,LB,14
2015,A.J. Jefferson,Mississippi State Bulldogs,DL,14
2015,Demond Tucker,Iowa State Cyclones,DL,13
2015,Haason Reddick,Temple Owls,DL,13
2015,Dale Pierson,Iowa State Cyclones,DE,13
2015,Dean Lowry,Northwestern Wildcats,DL,13
2015,Sheldon Rankins,Louisville Cardinals,DE,13
2015,Nico Marley,Tulane Green Wave,LB,13
2015,Julian Gener,Hawai'i Rainbow Warriors,LB,13
2015,Malik McDowell,Michigan State Spartans,DL,13
2015,Gary Thompson,Marshall Thundering Herd,DL,13
2015,David Moala,Utah State Aggies,NT,13
2015,Connor Strachan,Boston College Eagles,LB,13
2015,Ja'Von Rolland-Jones,Arkansas State Red Wolves,DE,13
2015,Bryson Albright,Miami (OH) RedHawks,DL,13
2015,Derek Barnett,Tennessee Volunteers,DE,13
2014,Scooby Wright III,Arizona Wildcats,LB,31
2014,Hau'oli Kikaha,Washington Huskies,LB,25
2014,Shane Ray,Missouri Tigers,DL,23
2014,Cleveland Smith,Western Michigan Broncos,DL,22
2014,Joey Bosa,Ohio State Buckeyes,DL,22
2014,Nate Orchard,Utah Utes,DE,21
2014,Christian Ringo,Louisiana Ragin' Cajuns,DL,21
2014,Derek Barnett,Tennessee Volunteers,DE,21
2014,P.J. Dawson,TCU Horned Frogs,LB,20
2014,Brian Nordstrom,Rice Owls,DE,20
2014,Markus Golden,Missouri Tigers,DL,20
2014,Shawn Oakman,Baylor Bears,DE,20
2014,Kamalei Correa,Boise State Broncos,DL,19
2014,Jordan Pierce,Air Force Falcons,LB,19
2014,Nick Vigil,Utah State Aggies,LB,18
2014,Dadi Nicolas,Virginia Tech Hokies,DE,18
2014,Gabe Martin,Bowling Green Falcons,LB,18
2014,Jake Ganus,UAB Blazers,LB,18
2014,Vic Beasley Jr.,Clemson Tigers,DE,18
2014,Zach Vigil,Utah State Aggies,LB,17
2014,Danny Shelton,Washington Huskies,DL,17
2014,Su'a Cravens,USC Trojans,S,17
2014,Anthony Zettel,Penn State Nittany Lions,DE,17
2014,Eric Striker,Oklahoma Sooners,LB,17
2014,Michael Johnson,UL Monroe Warhawks,LB,16
2014,Houston Bates,Louisiana Tech Bulldogs,DE,16
2014,Darron Lee,Ohio State Buckeyes,LB,16
2014,Tank Jakes,Memphis Tigers,LB,16
2014,Arnold Blackmon,Marshall Thundering Herd,DL,16
2014,Tanner Vallejo,Boise State Broncos,LB,16
2014,Pete Robertson,Texas Tech Red Raiders,LB,16
2014,Ken Ekanem,Virginia Tech Hokies,DE,16
2014,Trey Flowers,Arkansas Razorbacks,DE,16
2014,Andrew Hudson,Washington Huskies,DL,16
2014,Bud Dupree,Kentucky Wildcats,DE,15
2014,Derek Landisch,Wisconsin Badgers,LB,15
2014,Preston Smith,Mississippi State Bulldogs,DL,15
2014,Rakeem Nunez-Roches,Southern Miss Golden Eagles,DL,15
2014,Curt Maggitt,Tennessee Volunteers,DL,15
2014,Dante Fowler Jr.,Florida Gators,DL,15
2014,Marcus Hardison,Arizona State Sun Devils,DL,15
2014,Trent Voss,Toledo Rockets,LB,15
2014,QuayShawne Buckley,,DL,15
2014,Marc Millan,,LB,15
2014,Jeremy Timpf,Army Black Knights,LB,15
2014,Adam Redden,Buffalo Bulls,DB,15
2014,Michael Wakefield,Florida International Panthers,LB,15
2014,Eli Harold,Virginia Cavaliers,DE,15
2014,Henry Anderson,Stanford Cardinal,DE,15
2014,Michael Reynolds,Kansas Jayhawks,LB,15
2014,Jake Ryan,Michigan Wolverines,LB,14
2014,Patrick O'Connor,Eastern Michigan Eagles,DL,14
2014,Andre Monroe,Maryland Terrapins,DL,14
2014,Michael Bennett,Ohio State Buckeyes,DT,14
2014,Josh Furman,Oklahoma State Cowboys,LB,14
2014,Jatavis Brown,Akron Zips,LB,14
2014,Myles Garrett,Texas A&M Aggies,DL,14
2014,Nico Marley,Tulane Green Wave,LB,14
2014,Yannick Ngakoue,Maryland Terrapins,LB,14
2014,J.R. Tavai,USC Trojans,LB,14
2014,Hunter Dimick,Utah Utes,DE,14
2014,B.J. Larsen,Utah State Aggies,DE,14
2014,Brandon Williams,East Carolina Pirates,LB,14
2014,Sheldon Rankins,Louisville Cardinals,DE,14
2014,Jared Norris,Utah Utes,LB,13
2014,Will Parks,Arizona Wildcats,S,13
2014,Maliek Collins,Nebraska Cornhuskers,DT,13
2014,Danielle Hunter,Louisiana State Tigers,DE,13
2014,Shaq Jones,UAB Blazers,LB,13
2014,Thomas Niles,UCF Knights,DL,13
2014,Ryan Simmons,Oklahoma State Cowboys,LB,13
2014,Frank Clark,Michigan Wolverines,DE,13
2014,Ben Heeney,Kansas Jayhawks,LB,13
2014,Neville Hewitt,Marshall Thundering Herd,LB,13
2014,Theo Rich,South Alabama Jaguars,DE,13
2014,Lorenzo Mauldin IV,Louisville Cardinals,DE,13
2014,Malcolm Brown,Texas Longhorns,RB,13
2014,DeForest Buckner,Oregon Ducks,DL,13
2014,Michael Odiari,Texas State Bobcats,DE,13
2014,Terrance Plummer,UCF Knights,LB,13
2014,Zaire Anderson,Nebraska Cornhuskers,LB,13
2014,Bryan Thomas,Bowling Green Falcons,DE,13
2014,Jordan Hicks,Texas Longhorns,LB,13
2014,Mike Rose,NC State Wolfpack,DE,13
2014,Emmanuel Ogbah,Oklahoma State Cowboys,DE,13
2014,Ronald Blair III,App State Mountaineers,DL,13
2014,Derrick Alexander,Tulsa Golden Hurricane,DE,13
2014,Diaheem Watkins,UAB Blazers,DE,13
2014,Tyler Gilbert,Tulane Green Wave,DE,13
2014,Deion Barnes,Penn State Nittany Lions,DE,13
2014,Henry Coley,Virginia Cavaliers,LB,13
2014,Shilique Calhoun,Michigan State Spartans,DE,13
2014,Vernon Butler,Louisiana Tech Bulldogs,DL,13
2014,Ejiro Ederaine,Fresno State Bulldogs,LB,13
2014,Taiwan Jones,Michigan State Spartans,LB,13
2014,Blake Serpa,Central Michigan Chippewas,DE,13
2014,Stephen Weatherly,Vanderbilt Commodores,LB,13
2014,Ed Davis,Michigan State Spartans,LB,13
2014,Louis Trinca-Pasat,Iowa Hawkeyes,DL,13
2014,Xzavier Dickson,Alabama Crimson Tide,LB,13
2013,Aaron Donald,Pittsburgh Panthers,DL,29
2013,Trent Murphy,Stanford Cardinal,LB,24
2013,Ryan Shazier,Ohio State Buckeyes,LB,24
2013,Vic Beasley Jr.,Clemson Tigers,DE,23
2013,Kareem Martin,North Carolina Tar Heels,DE,22
2013,Demarcus Lawrence,Boise State Broncos,DE,21
2013,Anthony Barr,UCLA Bruins,RB,20
2013,Jackson Jeffcoat,Texas Longhorns,DE,20
2013,Marcus Smith,Louisville Cardinals,DE,19
2013,Carl Bradford,Arizona State Sun Devils,DE,19
2013,Scott Crichton,Oregon State Beavers,DE,19
2013,Shaquil Barrett,Colorado State Rams,LB,19
2013,Khalil Mack,Buffalo Bulls,LB,19
2013,Nikita Whitlock,Wake Forest Demon Deacons,G,18
2013,Michael Sam,Missouri Tigers,DL,18
2013,Julius Warmsley,Tulane Green Wave,DE,18
2013,Chris Young,Arizona State Sun Devils,OB,18
2013,Will Clarke,West Virginia Mountaineers,DL,17
2013,Randy Gregory,Nebraska Cornhuskers,DE,17
2013,Kyle Van Noy,BYU Cougars,LB,17
2013,James Morris,Iowa Hawkeyes,LB,17
2013,Denicos Allen,Michigan State Spartans,LB,17
2013,Shawn Jackson,Tulsa Golden Hurricane,LB,17
2013,Trevor Reilly,Utah Utes,DE,17
2013,Ejiro Ederaine,Fresno State Bulldogs,LB,17
2013,Andre Monroe,Maryland Terrapins,DL,16
2013,Jeremiah Attaochu,Georgia Tech Yellow Jackets,LB,16
2013,Ryan Mueller,Kansas State Wildcats,DE,16
2013,Cedric Reed,Texas Longhorns,DE,16
2013,Robert Caldwell,NC State Wolfpack,LB,16
2013,Davon Coleman,Arizona State Sun Devils,DE,15
2013,Kony Ealy,Missouri Tigers,DL,15
2013,Nick Tenhaeff,San Diego State Aztecs,LB,15
2013,Eli Harold,Virginia Cavaliers,DE,15
2013,Kasim Edebali,Boston College Eagles,DE,15
2013,Hau'oli Kikaha,Washington Huskies,DE,15
2013,Jonathan Brown,Illinois Fighting Illini,LB,15
2013,Xavius Boyd,Western Kentucky Hilltoppers,LB,15
2013,Xavier Cooper,Washington State Cougars,DL,15
2013,Marquis Spruill,Syracuse Orange,LB,15
2013,Adam Gotsis,Georgia Tech Yellow Jackets,DL,15
2013,Martin Ifedi,Memphis Tigers,DL,15
2013,Marcus Whitfield,Maryland Terrapins,LB,15
2013,Art Laurel,Hawai'i Rainbow Warriors,LB,15
2013,Dee Ford,Auburn Tigers,DE,15
2013,Jayrone Elliott,Toledo Rockets,DE,14
2013,Noah Spence,Ohio State Buckeyes,DL,14
2013,QuayShawne Buckley,,DL,14
2013,Norkeithus Otis,North Carolina Tar Heels,LB,14
2013,James Rouse,Marshall Thundering Herd,DL,14
2013,Shilique Calhoun,Michigan State Spartans,DE,14
2013,Roy Philon,Louisville Cardinals,DT,14
2013,Lorenzo Mauldin IV,Louisville Cardinals,DE,14
2013,Alex Page,South Alabama Jaguars,DE,14
2013,Pat Moore,South Alabama Jaguars,DE,14
2013,Brock Hekking,Nevada Wolf Pack,DE,14
2013,Trey Flowers,Arkansas Razorbacks,DE,14
2013,Nick Temple,Cincinnati Bearcats,LB,14
2013,Will Sutton,Arizona State Sun Devils,DT,14
2013,Luther Maddy,Virginia Tech Hokies,DT,14
2013,Kelcy Quarles,South Carolina Gamecocks,DT,14
2013,Jay Bromley,Syracuse Orange,DT,14
2013,Anthony Hitchens,Iowa Hawkeyes,LB,14
2013,Efrem Oliphant,Houston Cougars,LB,14
2013,Joey Bosa,Ohio State Buckeyes,DL,14
2013,Stephone Anthony,Clemson Tigers,LB,14
2013,Alex Bazzie,Marshall Thundering Herd,DL,13
2013,Eddie Lackey,Baylor Bears,LB,13
2013,Romelle Jones,South Alabama Jaguars,DL,13
2013,Kyler Fackrell,Utah State Aggies,LB,13
2013,Preston Brown,Louisville Cardinals,LB,13
2013,Beau Barnes,SMU Mustangs,DE,13
2013,Jake Doughty,Utah State Aggies,LB,13
2013,Zachary Orr,North Texas Mean Green,LB,13
2013,Brenden Daley,Hawai'i Rainbow Warriors,LB,13
2013,Markus Golden,Missouri Tigers,LB,13
2013,Roosevelt Nix,Kent State Golden Flashes,DL,13
2013,Devon Kennard,USC Trojans,DE,13
2013,Trashaun Nixon,New Mexico State Aggies,LB,13
2013,Caleb Lavey,Oklahoma State Cowboys,LB,13
2013,Perez Ford,Northern Illinois Huskies,RB,13
2013,Ra'Shede Hageman,Minnesota Golden Gophers,DL,13
2013,Aaron Bellazin,North Texas Mean Green,DE,13
2013,Zach Vigil,Utah State Aggies,LB,13
2013,Eddie Yarbrough,Wyoming Cowboys,DE,13
2013,Shawn Oakman,Baylor Bears,DE,13
2013,Kenny Anunike,Duke Blue Devils,DE,13
2013,Ricky Hunter,Memphis Tigers,DL,13
2013,Adam Redden,Buffalo Bulls,DB,13
2013,Derrell Johnson,East Carolina Pirates,LB,13
2013,Serderius Bryant,Mississippi Rebels,LB,13
2013,Silverberry Mouhon,Cincinnati Bearcats,DL,13
2013,Leonard Williams,USC Trojans,DE,13
2013,Josh Mauro,Stanford Cardinal,DE,13
2013,Zach Thompson,Wake Forest Demon Deacons,DE,13
2013,Jonathan Newsome,Ball State Cardinals,DE,13
2013,Frank Clark,Michigan Wolverines,DE,13
2013,Jeremiah George,Iowa State Cyclones,LB,12
2013,Stephon Sanders,SMU Mustangs,LB,12
2013,Jordan Jenkins,Georgia Bulldogs,LB,12