YEAR,NAME,TEAM,POS,CUSH,SEP,TAY,TAY%,REC,TAR,CTCH%,YDS,TD,YAC/R,xYAC/R,plusMinus
2025,Jaxon Smith-Njigba,SEA,WR,6.3,3,11.3,48.64,119,163,73.01,1793,10,4.8,4,0.8
2025,Puka Nacua,LAR,WR,6,2.9,8.9,27.92,129,166,77.71,1715,10,5.6,4.3,1.3
2025,George Pickens,DAL,WR,5.2,2.3,11.7,31.69,93,137,67.88,1429,9,5.3,3.1,2.2
2025,Ja'Marr Chase,CIN,WR,5.7,3.2,8.4,34.1,125,185,67.57,1412,8,5.2,3.9,1.3
2025,Amon-Ra St. Brown,DET,WR,6.1,3,8.3,38.43,117,172,68.02,1401,11,5.2,4.8,0.3
2025,Trey McBride,AZ,TE,5.5,3.1,6.9,25.83,126,169,74.56,1239,11,4.7,4,0.7
2025,Zay Flowers,BAL,WR,6.5,3.6,9.9,34.74,86,118,72.88,1211,5,5.6,5.4,0.2
2025,Chris Olave,NO,WR,6.8,2.9,11.6,39.28,100,156,64.1,1163,9,3,3.6,-0.5
2025,Nico Collins,HOU,WR,4.9,2.3,12.9,34.09,71,120,59.17,1117,6,4.9,3.2,1.7
2025,Jameson Williams,DET,WR,6.1,3.2,12.4,33.8,65,102,63.73,1109,7,6.8,5,1.8
2025,CeeDee Lamb,DAL,WR,6.1,2.8,12.3,28.34,75,117,64.1,1077,3,4.5,4,0.5
2025,Justin Jefferson,MIN,WR,5.8,3.2,10.4,38.38,84,141,59.57,1048,2,5.3,4.5,0.8
2025,Courtland Sutton,DEN,WR,5.3,2.3,12.6,35.58,74,124,59.68,1017,7,3.3,3.2,0.1
2025,Wan'Dale Robinson,NYG,WR,6.7,3.4,8.7,27.62,92,140,65.71,1014,4,4.6,4.2,0.3
2025,Stefon Diggs,NE,WR,5.8,3,8.5,19.76,85,102,83.33,1013,4,4.4,3.6,0.8
2025,Tetairoa McMillan,CAR,WR,5.7,2.7,12.4,44.54,70,122,57.38,1013,7,3.8,3.7,0.1
2025,DeVonta Smith,PHI,WR,6.4,2.8,12,32.37,77,113,68.14,1008,4,3.8,3.9,-0.1
2025,Michael Wilson,AZ,WR,6,2.4,11.4,31.86,78,126,61.9,1006,7,3.8,3.2,0.6
2025,Alec Pierce,IND,WR,6.3,2.1,19.1,37.33,47,84,55.95,1003,6,4.3,3,1.3
2025,A.J. Brown,PHI,WR,5.7,2.2,11.6,33.38,78,121,64.46,1003,7,3.4,2.4,1.1
2025,Emeka Egbuka,TB,WR,6.2,2.6,12.2,35.51,63,127,49.61,938,6,5.4,4.7,0.7
2025,Kyle Pitts,ATL,TE,5.6,3.6,7.2,20.68,88,118,74.58,928,5,4.9,5.8,-0.9
2025,Drake London,ATL,WR,5.8,2.7,10.8,29.55,68,112,60.71,919,7,4,3.3,0.6
2025,Jaylen Waddle,MIA,WR,6.2,2.7,12.3,38.66,64,100,64,910,6,4.1,4,0.1
2025,Juwan Johnson,NO,TE,6,3.6,7.3,16.13,77,102,75.49,889,3,4.9,4.8,0.1
2025,Travis Kelce,KC,TE,5.6,3.2,6.3,16.55,76,108,70.37,851,5,6.1,5.7,0.4
2025,DK Metcalf,PIT,WR,4.5,2.6,9.8,31.6,59,99,59.6,850,6,7.6,4.8,2.8
2025,Parker Washington,JAX,WR,6.4,2.4,12.6,24.55,58,95,61.05,847,5,4.9,3.2,1.7
2025,Tee Higgins,CIN,WR,5.2,1.8,13.5,29.02,59,98,60.2,846,11,3.2,2.8,0.4
2025,Jakobi Meyers,JAX,WR,6.4,2.7,9.4,31.79,75,110,68.18,835,3,3.8,3.5,0.3
2025,Tyler Warren,IND,TE,5.9,3.3,5.5,14.39,76,112,67.86,817,4,6.7,6,0.6
2025,Michael Pittman,IND,WR,6.8,3,8,20.67,80,111,72.07,793,7,3.8,3.4,0.4
2025,Ladd McConkey,LAC,WR,5.8,3.3,10,23.9,66,106,62.26,789,6,4.8,3.8,1
2025,Davante Adams,LAR,WR,5.2,2.2,13.2,28.43,60,114,52.63,789,14,2.1,2.7,-0.6
2025,Keenan Allen,LAC,WR,6.2,2.6,8.5,23.37,81,122,66.39,777,4,3.1,2.7,0.3
2025,Dalton Schultz,HOU,TE,5.4,3.8,6.3,14.59,82,106,77.36,777,3,4.6,4.5,0.1
2025,Hunter Henry,NE,TE,6,3,8,15.76,60,87,68.97,768,7,6.1,5.8,0.3
2025,Quentin Johnston,LAC,WR,5.3,2.4,12.3,23.35,51,84,60.71,735,8,4.7,4,0.8
2025,Harold Fannin,CLE,TE,5.7,2.9,5.9,18.09,72,107,67.29,731,6,5.1,3.9,1.2
2025,Deebo Samuel,WAS,WR,6.3,3.5,5.3,13.99,72,99,72.73,727,5,6.4,5.3,1.1
2025,Romeo Doubs,GB,WR,6,2.3,12.8,27.05,55,85,64.71,724,6,3.2,2.9,0.4
2025,Colston Loveland,CHI,TE,5.4,3.7,8.9,16.35,58,82,70.73,713,6,4.8,4.1,0.7
2025,Troy Franklin,DEN,WR,6.7,3,12.7,30.12,65,104,62.5,709,6,4.3,4,0.3
2025,Brian Thomas,JAX,WR,5.5,2.7,14.2,26.44,48,91,52.75,707,2,3.7,3.5,0.3
2025,Tre Tucker,LV,WR,7.6,3.6,10.3,29.08,57,92,61.96,696,5,5.2,5,0.2
2025,Rashid Shaheed,SEA,WR,6.4,2.8,11.5,22.97,59,92,64.13,687,2,3.2,3.4,-0.3
2025,Khalil Shakir,BUF,WR,6.7,3.8,3.5,9.8,72,95,75.79,686,4,7.4,5.5,1.9
2025,Brock Bowers,LV,TE,6.1,3.1,7,18.5,64,86,74.42,680,7,4.9,4,0.9
2025,D.J. Moore,CHI,WR,6.8,3.3,11.4,21.65,50,85,58.82,667,6,4.7,4.1,0.6
2025,Oronde Gadsden,LAC,TE,6,3.2,9,14.06,49,69,71.01,664,3,4.9,3.6,1.3
2025,Rome Odunze,CHI,WR,6.4,3,14.1,28.29,44,90,48.89,661,6,5,4,1
2025,Luther Burden,CHI,WR,7.4,4.6,7.3,9.73,47,60,78.33,652,2,7.4,6.5,0.9
2025,Jauan Jennings,SF,WR,5.6,2.2,10.2,22.42,55,90,61.11,643,9,3.4,2.6,0.7
2025,George Kittle,SF,TE,5.1,3.6,7,11.76,57,69,82.61,628,7,4.8,3.9,0.9
2025,Christian Watson,GB,WR,6.4,2,17.6,24.12,35,55,63.64,611,6,3.6,2.8,0.7
2025,Jordan Addison,MIN,WR,7.3,2.9,14.4,29.91,42,79,53.16,610,3,3.6,3,0.6
2025,Marvin Harrison,AZ,WR,4.9,2.4,13.6,21.98,41,73,56.16,608,4,3,2.4,0.6
2025,Jerry Jeudy,CLE,WR,5.6,2.5,11.9,36.49,50,106,47.17,602,2,3.5,3.5,0
2025,Jake Ferguson,DAL,TE,5.9,3.3,4.9,9.76,82,102,80.39,600,8,3.9,3.7,0.2
2025,Cooper Kupp,SEA,WR,6.1,3,8.3,15.36,47,70,67.14,593,2,6.2,4.1,2.1
2025,Dallas Goedert,PHI,TE,6,3.4,7.1,13.91,60,82,73.17,591,11,4.1,4,0.1
2025,Marquise Brown,KC,WR,6.4,3.2,11.2,20.05,49,74,66.22,587,5,4.3,4.9,-0.6
2025,Terry McLaurin,WAS,WR,6.7,2.4,14.1,22.39,38,60,63.33,582,3,2.8,2.7,0.1
2025,Cade Otton,TB,TE,5.6,3.5,4.8,9,59,81,72.84,572,1,5.5,4.8,0.7
2025,Rashee Rice,KC,WR,6.3,3.6,4.4,8.36,53,78,67.95,571,5,8.2,7.6,0.6
2025,Dalton Kincaid,BUF,TE,6,3.4,9.1,12.99,39,49,79.59,571,5,7,5.9,1
2025,Chigoziem Okonkwo,TEN,TE,5.8,3.9,4.4,9.04,56,79,70.89,560,2,6.4,5.2,1.2
2025,Josh Downs,IND,WR,7.2,2.7,7.7,15.88,58,88,65.91,559,4,2.7,2.5,0.1
2025,Kendrick Bourne,SF,WR,6.5,2.9,10.6,13.81,37,53,69.81,551,0,4.8,3.1,1.7
2025,Kayshon Boutte,NE,WR,4.9,2.3,17.2,18.02,33,46,71.74,551,6,1.3,1.7,-0.4
2025,Mack Hollins,NE,WR,6.2,2.7,13,19.19,46,65,70.77,550,2,2.3,2.5,-0.3
2025,Brenton Strange,JAX,TE,6.5,3.9,6.6,8.09,46,60,76.67,540,3,5.7,6,-0.2
2025,Darius Slayton,NYG,WR,5.7,2.7,13.4,19.22,37,63,58.73,538,1,5.4,4.6,0.8
2025,Xavier Worthy,KC,WR,6.3,3.5,12.4,21.9,42,73,57.53,532,1,5.1,5.6,-0.5
2025,Ricky Pearsall,SF,WR,6.7,2.3,13.9,18.12,36,53,67.92,528,0,2.2,2.9,-0.7
2025,Theo Johnson,NYG,TE,5.8,3,8.1,13.6,45,74,60.81,528,5,4.8,5.3,-0.5
2025,Jayden Higgins,HOU,WR,5.7,2.7,12,18.02,41,68,60.29,525,6,3.2,3.3,-0.1
2025,AJ Barner,SEA,TE,4.6,4.1,4.8,8.58,52,68,76.47,519,6,5.4,4.6,0.8
2025,Elic Ayomanor,TEN,WR,5.8,2.7,12.2,28.08,41,89,46.07,515,4,3,3.2,-0.1
2025,Zach Ertz,WAS,TE,6,2.7,8.7,16.56,50,72,69.44,504,4,2.9,3.7,-0.8
2025,Sam LaPorta,DET,TE,6.4,3.4,5.7,7.48,40,49,81.63,489,3,7,6.1,1
2025,Pat Freiermuth,PIT,TE,5.4,3.2,5.9,10.44,41,54,75.93,486,4,6.9,4.5,2.4
2025,Ryan Flournoy,DAL,WR,6.3,3,8.8,9.72,40,56,71.43,475,4,5,4.4,0.7
2025,Evan Engram,DEN,TE,6.8,4.6,4.3,7.46,50,76,65.79,461,1,6.3,6.4,-0.1
2025,Adonai Mitchell,NYJ,WR,5.8,2.8,14.8,33.5,33,74,44.59,453,2,2.5,1.7,0.8
2025,DeMario Douglas,NE,WR,6.6,3.9,9.9,10.38,31,46,67.39,447,3,7,6.2,0.8
2025,Jalen Nailor,MIN,WR,5.6,2.4,13,18.07,29,53,54.72,444,4,4.4,3,1.4
2025,Darnell Mooney,ATL,WR,6.6,3,14.2,24.95,32,72,44.44,443,1,2.5,2.7,-0.2
2025,T.J. Hockenson,MIN,TE,6.2,3.8,4.8,8.31,51,66,77.27,438,3,4.8,5,-0.1
2025,Andrei Iosivas,CIN,WR,5.6,2.5,9.9,12.52,33,58,56.9,435,2,3.4,3.5,-0.1
2025,Xavier Hutchinson,HOU,WR,5.5,3,9.1,11.39,35,57,61.4,428,3,4.6,4,0.5
2025,Chimere Dike,TEN,WR,6.8,3.8,8.2,15.65,48,74,64.86,423,4,4.8,5,-0.2
2025,Mark Andrews,BAL,TE,4.6,2.9,7.8,16.23,48,70,68.57,422,5,2.3,2.7,-0.4
2025,Dawson Knox,BUF,TE,5.3,3.6,7,10.02,36,49,73.47,417,4,5.5,5.2,0.3
2025,Colby Parkinson,LAR,TE,5.7,3.5,4.7,4.93,43,56,76.79,408,8,6.7,6.3,0.4
2025,Keon Coleman,BUF,WR,5.7,2.8,12,20.58,38,59,64.41,404,4,2.6,3,-0.4
2025,Garrett Wilson,NYJ,WR,6.5,3.1,9.4,17.07,36,59,61.02,395,4,2.9,2.9,0
2025,Pat Bryant,DEN,WR,6.3,2.4,8.7,9.75,31,49,63.27,378,1,4.8,4,0.8
2025,Calvin Austin,PIT,WR,5.5,2.8,10.2,18.31,31,55,56.36,372,3,4.6,4,0.7
2025,Sterling Shepard,TB,WR,6,3.2,8.7,10.57,39,53,73.58,371,1,3.9,3.6,0.2
2025,Mason Taylor,NYJ,TE,6.1,3.2,5.9,11.82,44,65,67.69,369,1,3.2,3.7,-0.5
2025,Mike Evans,TB,WR,5.4,1.9,13.6,19.32,30,62,48.39,368,3,1.7,2.3,-0.6
2025,Xavier Legette,CAR,WR,6.7,2.6,10.8,20.31,35,64,54.69,363,3,2.4,3,-0.6
2025,Chris Godwin,TB,WR,6.6,2.8,7.8,9.14,33,51,64.71,360,2,6.5,4.3,2.2
2025,Gunnar Helm,TEN,TE,4.9,3.5,5.4,7.62,44,55,80,357,2,3.9,4.7,-0.8
2025,Van Jefferson,TEN,WR,6.1,2.6,12,16.11,29,52,55.77,350,1,3.1,2.5,0.6
2025,Cole Kmet,CHI,TE,5.8,3.6,8.7,9.3,30,48,62.5,347,2,5.5,5.3,0.3
2025,JuJu Smith-Schuster,KC,WR,6,3.5,5.1,5.55,33,45,73.33,345,1,6.1,6.1,0
2025,Dontayvion Wicks,GB,WR,5.9,2.2,11.3,12.94,30,46,65.22,332,2,2.4,2,0.4
2025,Michael Mayer,LV,TE,5.9,3.5,4.4,6.74,35,50,70,328,1,6.1,5.8,0.2
2025,Marvin Mims,DEN,WR,7.8,4.5,9,10.44,37,51,72.55,322,1,6.5,6,0.5
2025,Malik Washington,MIA,WR,6.4,3.7,5.2,10.64,46,65,70.77,317,3,5.8,4.9,0.9
2025,Olamide Zaccheaus,CHI,WR,6.3,3.5,7,10.15,39,65,60,313,2,4,4.6,-0.6
2025,Travis Hunter,JAX,WR,7,3.3,7.6,7.01,28,45,62.22,298,1,5.5,4.7,0.8
2025,David Njoku,CLE,TE,5.7,2.7,5,6.98,33,48,68.75,293,4,5.3,4.5,0.8
2025,Jake Tonges,SF,TE,4.9,3.6,5.3,5.92,34,46,73.91,293,5,4.7,4.9,-0.2
2025,Tyler Lockett,LV,WR,6.3,2.8,7.5,10.67,32,55,58.18,291,1,2.7,3.8,-1
2025,John Metchie,NYJ,WR,7,3.8,5.2,7.68,33,48,68.75,274,2,4.6,5.4,-0.9
2025,Christian Kirk,HOU,WR,5.7,2.5,7.2,8.29,28,52,53.85,239,1,4.2,4.4,-0.2
2025,Jonnu Smith,PIT,TE,5.5,3.8,4,7.06,38,54,70.37,222,2,4.9,4.9,0
2024,Ja'Marr Chase,CIN,WR,5.4,3,8.9,33.19,127,175,72.57,1708,17,6.3,3.9,2.3
2024,Justin Jefferson,MIN,WR,5.8,3.1,11.3,37.91,103,154,66.88,1533,10,5,4.5,0.5
2024,Brian Thomas,JAX,WR,6.2,3,11.4,35.01,87,133,65.41,1282,10,6.8,5.5,1.3
2024,Drake London,ATL,WR,6.7,2.4,10.8,38.23,100,158,63.29,1271,9,3.5,2.8,0.8
2024,Amon-Ra St. Brown,DET,WR,6.5,3.1,8,31.9,115,141,81.56,1263,12,3.7,3.2,0.5
2024,Jerry Jeudy,CLE,WR,6,2.8,11.2,32.89,90,145,62.07,1229,4,4.5,4.5,0
2024,Malik Nabers,NYG,WR,6.1,2.8,9.5,40.91,109,170,64.12,1204,7,4.5,3.7,0.8
2024,Brock Bowers,LV,TE,6.5,3.5,6,22.41,112,153,73.2,1194,5,5.4,4.5,1
2024,CeeDee Lamb,DAL,WR,5.8,2.9,8,26.09,101,152,66.45,1194,6,5.6,3.4,2.2
2024,Ladd McConkey,LAC,WR,5.9,3.1,9.9,26.13,82,112,73.21,1155,7,5.1,4.1,1
2024,Trey McBride,AZ,TE,4.9,3.5,6.4,25.32,111,147,75.51,1146,2,4.9,4.2,0.6
2024,Jaxon Smith-Njigba,SEA,WR,6.2,3.3,8.8,29.64,100,137,72.99,1130,6,4.9,4.3,0.6
2024,George Kittle,SF,TE,5.5,3.6,8.3,17.76,78,94,82.98,1106,8,7.1,5,2.1
2024,Garrett Wilson,NYJ,WR,5.3,3.3,8.9,35,101,154,65.58,1104,7,5,4.7,0.3
2024,Terry McLaurin,WAS,WR,6.5,2.7,13.7,40.24,82,117,70.09,1096,13,3.7,2.8,0.9
2024,Courtland Sutton,DEN,WR,6,2.5,13.2,43.94,81,135,60,1081,8,2.5,2.6,-0.1
2024,A.J. Brown,PHI,WR,5.6,2.1,12,34.85,67,97,69.07,1079,7,5.4,3,2.4
2024,Davante Adams,NYJ,WR,5.5,3.2,8.6,30.98,85,141,60.28,1063,8,5.8,4.8,1
2024,Zay Flowers,BAL,WR,7.3,3.9,10.6,29.74,74,116,63.79,1059,4,6.2,4.6,1.6
2024,Jakobi Meyers,LV,WR,6.4,2.7,9.8,30.86,87,129,67.44,1027,4,3.5,3.4,0.2
2024,Calvin Ridley,TEN,WR,6,2.7,15.3,44.58,64,120,53.33,1017,4,4.1,3.8,0.3
2024,Nico Collins,HOU,WR,5.2,3.1,11.3,24.85,68,99,68.69,1006,7,5.6,5.1,0.6
2024,Mike Evans,TB,WR,6.6,2.5,11.9,34.1,74,110,67.27,1004,11,3.4,2.6,0.8
2024,Jameson Williams,DET,WR,6.5,3.4,11.3,29.03,58,91,63.74,992,7,7.8,6.2,1.6
2024,Darnell Mooney,ATL,WR,6.5,3,12.7,29.99,64,106,60.38,992,5,4.4,4.7,-0.3
2024,DK Metcalf,SEA,WR,5.7,2.6,13.7,36.29,66,108,61.11,992,5,4.3,3.9,0.4
2024,Puka Nacua,LAR,WR,6.5,3.3,7.7,19.98,79,106,74.53,990,3,6.7,5.2,1.5
2024,Jauan Jennings,SF,WR,5.3,2.5,10.4,26.82,77,113,68.14,975,6,3,2.5,0.5
2024,D.J. Moore,CHI,WR,5.8,3.4,7.4,24.96,98,140,70,966,6,6.2,5.5,0.7
2024,Tyreek Hill,MIA,WR,5.9,3.2,11.6,40.59,81,123,65.85,959,6,3.8,4,-0.3
2024,Tee Higgins,CIN,WR,6.2,2.4,10.5,24.56,73,109,66.97,911,10,3.2,2,1.2
2024,George Pickens,PIT,WR,5.8,2.3,13.5,39.4,59,103,57.28,900,3,4.5,3.4,1.1
2024,Marvin Harrison,AZ,WR,4.9,2,13.6,42.67,62,116,53.45,885,8,2.5,2.3,0.2
2024,Jonnu Smith,MIA,TE,6.3,3.5,4.6,14.61,88,111,79.28,884,8,6.1,5.3,0.8
2024,Jordan Addison,MIN,WR,6.3,3,13.4,28.83,63,99,63.64,875,9,3.6,2.9,0.6
2024,Jayden Reed,GB,WR,7,4,8.2,15.19,55,75,73.33,857,6,7.5,6.5,1
2024,DeVonta Smith,PHI,WR,6.5,3,9.6,25.61,68,89,76.4,833,8,4.3,4,0.3
2024,Alec Pierce,IND,WR,5.7,2.4,21.5,28.93,37,69,53.62,824,7,3.6,2.9,0.8
2024,Travis Kelce,KC,TE,6.1,3.5,6.6,24.54,97,133,72.93,823,3,3.8,4.3,-0.5
2024,Khalil Shakir,BUF,WR,6.7,4.3,5.4,13.28,76,100,76,821,4,8.2,6.7,1.4
2024,Michael Pittman,IND,WR,6.6,2.8,10.6,22.97,69,111,62.16,808,3,3.9,3.1,0.8
2024,Josh Downs,IND,WR,6,3.3,6.4,13.43,72,107,67.29,803,5,5.8,5.4,0.4
2024,Jaylen Waddle,MIA,WR,4.8,3.4,9.4,22.22,58,83,69.88,767,2,4.9,4.8,0
2024,Rashod Bateman,BAL,WR,6,3.6,14.7,25.58,45,72,62.5,756,9,4.2,3.9,0.4
2024,Keenan Allen,CHI,WR,6.5,3,9.7,28.34,70,121,57.85,744,7,3.8,3.9,-0.1
2024,Rome Odunze,CHI,WR,5.7,3,13.7,33.21,54,101,53.47,734,3,5,4.5,0.5
2024,Sam LaPorta,DET,TE,6,3.5,7.3,17.17,60,83,72.29,726,7,5.9,4.5,1.4
2024,Quentin Johnston,LAC,WR,6,3.2,11,23.76,55,91,60.44,711,8,5.6,4.4,1.2
2024,Cooper Kupp,LAR,WR,7.1,3.3,7.8,19.17,67,100,67,710,6,4.2,4,0.2
2024,Tucker Kraft,GB,TE,6,4.4,5.2,9.08,50,70,71.43,707,7,9.6,6.4,3.1
2024,Wan'Dale Robinson,NYG,WR,6.6,3.2,4.9,17.61,93,140,66.43,699,3,4.1,3.7,0.3
2024,Ray-Ray McCloud,ATL,WR,8.1,3.2,6.7,13.05,62,87,71.26,686,1,5.6,4.5,1.2
2024,Hunter Henry,NE,TE,5.9,2.8,7.3,19.14,66,97,68.04,674,2,4.3,4.7,-0.3
2024,Mark Andrews,BAL,TE,5,3.6,10.5,17.41,55,69,79.71,673,11,3.9,3.7,0.1
2024,Deebo Samuel,SF,WR,5.6,3.1,6.4,11.86,51,81,62.96,670,3,8.4,6.2,2.3
2024,Tank Dell,HOU,WR,6.1,2.7,12.9,23.09,51,81,62.96,667,3,3.6,3.9,-0.2
2024,Mike Gesicki,CIN,TE,5.4,3,7.6,13.45,65,83,78.31,665,2,3.8,4.4,-0.6
2024,Pat Freiermuth,PIT,TE,6.8,3.5,6.1,13.42,65,78,83.33,655,7,4.5,3.6,0.9
2024,Zach Ertz,WAS,TE,6.3,3.6,7.6,17.43,66,91,72.53,654,7,3.1,3.4,-0.2
2024,Xavier Worthy,KC,WR,6.3,3.8,9,24.47,59,98,60.2,638,6,7.1,6.6,0.4
2024,Demario Douglas,NE,WR,6.9,4,5.8,13.56,66,87,75.86,621,3,5.8,5.5,0.3
2024,Christian Watson,GB,WR,5.3,2.4,17.5,23.1,29,53,54.72,620,2,6.1,6.1,0.1
2024,DeAndre Hopkins,KC,WR,5.6,2.7,10.8,24.08,56,80,70,618,5,2.6,3,-0.4
2024,Adam Thielen,CAR,WR,6.4,3,10.9,16.23,48,62,77.42,615,5,3.5,3.7,-0.2
2024,Jalen Tolbert,DAL,WR,6.5,2.7,11.9,20.31,49,79,62.03,610,7,3.5,3.4,0.1
2024,Kyle Pitts,ATL,TE,6,3.5,8.6,14.22,47,74,63.51,602,4,6,4.8,1.2
2024,Romeo Doubs,GB,WR,6.1,2.6,12.5,22.28,46,72,63.89,601,4,3.1,2.9,0.2
2024,Tyler Lockett,SEA,WR,6.4,2.7,11.1,20.14,49,74,66.22,600,2,3,3.9,-0.9
2024,Cade Otton,TB,TE,5.8,2.9,5,11.46,59,87,67.82,600,4,5.6,4,1.5
2024,Kayshon Boutte,NE,WR,4.5,2.4,14.2,25.93,43,68,63.24,589,3,3.5,2.5,1
2024,Chris Godwin,TB,WR,6.4,3.2,5.6,9.03,50,62,80.65,576,5,7.3,5,2.3
2024,Josh Palmer,LAC,WR,6.6,2.6,15.2,23.38,39,65,60,575,1,2.6,2.4,0.1
2024,Darius Slayton,NYG,WR,5.6,2.4,13.4,24.24,39,71,54.93,573,2,3.7,2.7,1
2024,Tutu Atwell,LAR,WR,7.5,3.4,11.9,18.01,42,62,67.74,562,0,2.9,3.5,-0.6
2024,Keon Coleman,BUF,WR,4.7,2,15.4,21.55,29,57,50.88,556,4,7.8,4.3,3.5
2024,Calvin Austin,PIT,WR,6.4,3,12.6,20.67,36,58,62.07,548,4,4.7,3.7,1
2024,Michael Wilson,AZ,WR,6,2.6,11.4,21.98,47,71,66.2,548,4,2.9,2.5,0.4
2024,Juwan Johnson,NO,TE,6,3.4,8.3,12.86,50,66,75.76,548,3,4.5,4.1,0.4
2024,Amari Cooper,BUF,WR,6,2.6,12.8,26.68,44,85,51.76,547,4,2.9,3.4,-0.4
2024,Tre Tucker,LV,WR,6.2,2.8,12.5,24.69,47,81,58.02,539,3,4.5,4.5,0
2024,Elijah Moore,CLE,WR,6.1,3.1,9.1,18.81,61,102,59.8,538,1,2.5,2.8,-0.3
2024,Dalton Schultz,HOU,TE,6.9,3.2,7.6,14.3,53,85,62.35,532,2,4.2,3.9,0.3
2024,Allen Lazard,NYJ,WR,5.3,2.6,10.7,16.33,37,60,61.67,530,6,4.7,4.2,0.5
2024,Olamide Zaccheaus,WAS,WR,7.1,4,6.4,10.24,45,64,70.31,506,3,6.4,5.7,0.7
2024,David Njoku,CLE,TE,6.4,3.1,5.3,10.43,64,97,65.98,505,5,4.2,3.4,0.8
2024,Demarcus Robinson,LAR,WR,4.1,2.7,15.7,24.69,31,64,48.44,505,7,2.6,2.3,0.3
2024,Marvin Mims,DEN,WR,8,5.2,7.1,9.15,39,52,75,501,6,12.4,9.6,2.8
2024,Noah Fant,SEA,TE,6,4.2,5.5,8.7,48,64,75,500,1,6.1,5.4,0.7
2024,Xavier Legette,CAR,WR,6.4,2.6,12.3,24.7,49,84,58.33,497,4,2.5,2.5,0.1
2024,Nick Westbrook-Ikhine,TEN,WR,6.2,2.3,12.1,17.59,32,60,53.33,497,9,4.2,2.1,2.1
2024,Stefon Diggs,HOU,WR,6.9,3,8.7,12.35,47,64,73.44,496,3,4.1,3.9,0.2
2024,Dallas Goedert,PHI,TE,5.9,3.2,6.8,10.56,42,52,80.77,496,2,6.3,4.9,1.4
2024,Jake Ferguson,DAL,TE,5.9,3.3,4,7.35,59,86,68.6,494,0,5.5,5.1,0.4
2024,Chigoziem Okonkwo,TEN,TE,6.8,4.1,5.8,9.84,52,70,74.29,483,2,5.2,4.2,1
2024,Will Dissly,LAC,TE,6,3.3,4.4,6.65,50,64,78.13,481,2,6.2,5.3,0.9
2024,Andrei Iosivas,CIN,WR,5,2.8,11.3,14.71,36,61,59.02,479,6,2.3,2.1,0.3
2024,Jalen Coker,CAR,WR,6.4,2.7,11.4,12.52,32,46,69.57,478,2,5.6,3.4,2.2
2024,Isaiah Likely,BAL,TE,6.7,4.3,8.5,11.87,42,58,72.41,477,6,6.4,5.1,1.3
2024,Austin Hooper,NE,TE,5.5,3.5,6.8,10.78,45,59,76.27,476,3,4.9,3.7,1.3
2024,Devaughn Vele,DEN,WR,5.8,3.1,8.2,11.14,41,55,74.55,475,3,3.5,3.6,-0.1
2024,Cole Kmet,CHI,TE,7,3.9,6.7,8.89,47,55,85.45,474,4,4.4,4.7,-0.3
2024,Jalen McMillan,TB,WR,7.2,3.3,12.2,18.43,37,58,63.79,461,8,3.8,4,-0.2
2024,T.J. Hockenson,MIN,TE,6.1,3.1,8.7,11.77,41,62,66.13,455,0,3.9,3.8,0.1
2024,Noah Brown,WAS,WR,6.6,2.6,11.6,16.33,35,56,62.5,453,1,2.5,3.1,-0.6
2024,Tyler Conklin,NYJ,TE,6.2,4.3,5.2,9.56,51,72,70.83,449,4,5.5,5.5,-0.1
2024,Dalton Kincaid,BUF,TE,5.7,3.5,8,14.69,44,75,58.67,448,2,6.4,5.5,0.9
2024,Noah Gray,KC,TE,5.9,4.4,6.4,8.68,40,49,81.63,437,5,5.4,5.3,0.1
2024,Kavontae Turpin,DAL,WR,6.3,3.4,8.8,9.93,31,52,59.62,420,2,8.7,7.4,1.3
2024,Dontayvion Wicks,GB,WR,6.4,3,11.7,22.04,39,76,51.32,415,5,3.8,2.7,1.1
2024,Brenton Strange,JAX,TE,6.5,3,6.5,7.94,40,53,75.47,411,2,4.9,3.8,1.1
2024,Ricky Pearsall,SF,WR,6,2.4,11,11.5,31,46,67.39,400,3,3.7,3.9,-0.2
2024,Parker Washington,JAX,WR,6.5,3.2,11.2,13.24,32,51,62.75,390,3,3.5,2.7,0.8
2024,Tyler Boyd,TEN,WR,6.4,2.8,7.1,9.87,39,57,68.42,390,0,5.2,4,1.1
2024,Jordan Akins,CLE,TE,4.8,4,6,7.05,40,58,68.97,390,2,4.9,4.5,0.4
2024,Christian Kirk,JAX,WR,6.6,2.8,13.2,14.3,27,47,57.45,379,1,4.9,4.8,0.1
2024,Mack Hollins,BUF,WR,5.8,3,13.1,16.07,31,50,62,378,5,3.3,3.6,-0.2
2024,Diontae Johnson,HOU,WR,5.2,2.7,11,17.64,33,67,49.25,375,3,3,3.7,-0.7
2024,Brandon Aiyuk,SF,WR,5.2,2.4,12.6,13.5,25,47,53.19,369,0,3.7,2.9,0.9
2024,Evan Engram,JAX,TE,6.6,3.6,5.4,7.93,47,64,73.44,365,1,3.6,4.4,-0.7
2024,David Moore,CAR,WR,5.9,2.3,11.6,15.75,32,57,56.14,351,3,2.1,2.2,-0.1
2024,Greg Dortch,AZ,WR,7.5,3.7,4.3,5.76,37,50,74,342,3,8,5.5,2.5
2024,Cedric Tillman,CLE,WR,6.1,2.9,11.7,11.6,29,49,59.18,339,3,3.9,3.1,0.8
2024,Sterling Shepard,TB,WR,6.9,3.1,9.6,12.78,32,51,62.75,334,1,3,3.5,-0.5
2024,Adonai Mitchell,IND,WR,6,2.6,14.7,15.82,23,55,41.82,312,0,4.6,4.9,-0.4
2024,Colby Parkinson,LAR,TE,6.8,3.7,5.7,6.88,30,49,61.22,294,1,5.6,6.2,-0.6
2024,Lil'Jordan Humphrey,DEN,WR,6.8,3.4,6.4,7.09,31,45,68.89,293,1,6.2,4.6,1.5
2024,Troy Franklin,DEN,WR,7.4,3.8,13.2,17.28,28,53,52.83,263,2,6.1,5.6,0.4
2024,Brandin Cooks,DAL,WR,6.2,2.2,12.6,14.66,26,54,48.15,259,3,2.4,3,-0.6
2024,Curtis Samuel,BUF,WR,6.6,4.1,4.5,5.07,31,46,67.39,253,1,5.4,5.3,0.1
2023,Tyreek Hill,MIA,WR,5.8,3.3,10.8,43.44,119,171,69.59,1799,13,5.8,5,0.8
2023,CeeDee Lamb,DAL,WR,5.5,2.7,9.7,36.5,135,181,74.59,1749,12,5.2,4.5,0.8
2023,Amon-Ra St. Brown,DET,WR,6.7,3.2,7.7,31.27,119,164,72.56,1515,10,5.8,4.7,1
2023,Puka Nacua,LAR,WR,6,2.9,9,33.49,105,160,65.63,1486,6,6.3,4.4,1.9
2023,A.J. Brown,PHI,WR,6.6,2.4,12.2,41.79,106,158,67.09,1456,7,4.5,2.8,1.8
2023,D.J. Moore,CHI,WR,6.3,2.7,11.5,41.5,96,136,70.59,1364,8,5.9,4.3,1.6
2023,Brandon Aiyuk,SF,WR,5.7,2.9,14.1,37.6,75,105,71.43,1342,7,5.1,3.3,1.9
2023,Nico Collins,HOU,WR,5.8,3,11.2,24.06,80,109,73.39,1297,8,7,4.5,2.5
2023,Mike Evans,TB,WR,6.6,2.4,14.4,41.26,79,136,58.09,1255,13,4.6,3.7,0.9
2023,Amari Cooper,CLE,WR,5.4,2.2,14,35.06,72,128,56.25,1250,5,4.3,2.7,1.6
2023,Keenan Allen,LAC,WR,6.8,3.1,9.5,30.1,108,150,72,1243,7,4,3.9,0.1
2023,Ja'Marr Chase,CIN,WR,5.9,3.2,8.6,33.24,100,145,68.97,1216,7,5.6,4.3,1.2
2023,Stefon Diggs,BUF,WR,6,2.8,10.1,34.52,107,160,66.88,1183,8,4,3.7,0.3
2023,Michael Pittman,IND,WR,6.8,2.9,7.9,30.05,109,156,69.87,1152,4,4.9,4.6,0.3
2023,Davante Adams,LV,WR,5.3,2.6,10.4,44.49,103,175,58.86,1144,8,3.5,3.1,0.3
2023,George Pickens,PIT,WR,5.1,2.3,13.2,38.4,63,106,59.43,1140,5,6.6,3.7,2.9
2023,Chris Olave,NO,WR,6.3,3,13.3,37.15,87,138,63.04,1123,5,4.1,4.3,-0.3
2023,DK Metcalf,SEA,WR,5.8,2.4,13.8,38.33,66,119,55.46,1114,8,5.9,4,1.9
2023,Justin Jefferson,MIN,WR,6.6,2.7,12.5,26.29,68,100,68,1074,5,4.1,3.5,0.6
2023,DeVonta Smith,PHI,WR,6.7,2.8,12.5,30.35,81,112,72.32,1066,7,3.6,3.4,0.2
2023,DeAndre Hopkins,TEN,WR,5.8,2.3,14.2,43.82,75,137,54.74,1057,7,3.4,3.6,-0.2
2023,Garrett Wilson,NYJ,WR,5.6,2.5,10.2,44.79,95,168,56.55,1042,3,3.6,3.1,0.5
2023,Chris Godwin,TB,WR,6.9,2.9,9.3,25.64,83,130,63.85,1024,2,4.8,4.1,0.7
2023,George Kittle,SF,TE,5.4,3.3,9.6,22.03,65,90,72.22,1020,6,7.7,4.8,2.8
2023,Calvin Ridley,JAX,WR,5.6,2.3,13.8,38.02,76,136,55.88,1016,8,2.7,3.1,-0.4
2023,Jaylen Waddle,MIA,WR,6.7,3.4,10,24.38,72,104,69.23,1014,4,6.2,5,1.1
2023,Adam Thielen,CAR,WR,6.3,2.9,7.6,26.35,103,137,75.18,1014,4,3.4,4.5,-1.1
2023,Terry McLaurin,WAS,WR,5.8,2.6,11.4,33.89,79,132,59.85,1002,4,4.6,3.9,0.6
2023,Travis Kelce,KC,TE,6.7,3.7,6.8,20.94,93,121,76.86,984,5,5.2,5,0.2
2023,Evan Engram,JAX,TE,6.2,3.4,4.7,13.76,114,143,79.72,963,4,4.8,4.3,0.5
2023,T.J. Hockenson,MIN,TE,6,3.1,7.2,19.29,95,127,74.8,960,5,3.9,3.8,0.1
2023,Rashee Rice,KC,WR,6.4,4.2,5,13.05,79,102,77.45,938,7,8.4,6.5,1.9
2023,Jordan Addison,MIN,WR,6.4,2.8,12.4,28.13,70,108,64.81,911,10,3.9,2.4,1.4
2023,Drake London,ATL,WR,6.3,2.2,11.4,30.04,69,110,62.73,905,2,3,2.8,0.3
2023,Tyler Lockett,SEA,WR,6.8,2.8,11.5,32.86,79,122,64.75,894,5,2.7,3,-0.2
2023,Deebo Samuel,SF,WR,6.8,3.7,6.8,15.35,60,89,67.42,892,7,8.9,4.9,3.9
2023,Sam LaPorta,DET,TE,5.8,3.4,7.1,21.09,86,120,71.67,889,10,4.3,3.5,0.8
2023,David Njoku,CLE,TE,5.1,3.5,4.9,11.83,81,123,65.85,882,6,7.6,5.4,2.2
2023,Zay Flowers,BAL,WR,7.7,3.7,8.7,22.83,77,108,71.3,858,5,5.1,4.1,1
2023,Trey McBride,AZ,TE,5.1,3.5,6,16.05,81,106,76.42,825,3,5.4,4.5,1
2023,Jakobi Meyers,LV,WR,7.3,2.7,9.6,24.79,71,106,66.98,807,8,3.5,3.7,-0.1
2023,Jayden Reed,GB,WR,6.6,3.4,10,19.45,64,94,68.09,793,8,5.6,5.3,0.3
2023,Christian Kirk,JAX,WR,6.1,3.1,9.9,17.17,57,85,67.06,787,3,4.7,4.5,0.2
2023,Courtland Sutton,DEN,WR,6.4,2.9,12.7,32.05,59,90,65.56,772,10,3.1,3.2,-0.1
2023,Josh Downs,IND,WR,6.1,3.3,6.9,16.53,68,98,69.39,771,2,5.7,5.1,0.6
2023,Darius Slayton,NYG,WR,6.5,2.9,12.4,27.5,50,79,63.29,770,4,6.2,4.3,1.9
2023,Jake Ferguson,DAL,TE,5.5,3.3,5.7,12.04,71,102,69.61,761,5,6,4.6,1.4
2023,Jerry Jeudy,DEN,WR,7.2,3.6,12.7,30.84,54,87,62.07,758,2,6.2,5.3,0.9
2023,Gabe Davis,BUF,WR,6.5,2.8,15.1,26.06,45,81,55.56,746,7,4.3,3.2,1.1
2023,Cooper Kupp,LAR,WR,7.1,3.4,8.1,18.02,59,95,62.11,737,5,5.8,4.6,1.2
2023,Cole Kmet,CHI,TE,6.7,4.1,6.4,15.24,73,90,81.11,719,6,4.3,4.2,0.1
2023,Rashid Shaheed,NO,WR,6.6,2.8,14.5,22.11,46,75,61.33,719,5,3.6,4.1,-0.6
2023,Diontae Johnson,PIT,WR,7,2.9,12.5,29.82,51,87,58.62,710,5,5,4,1
2023,Tank Dell,HOU,WR,6.9,2.9,14.2,21.08,47,75,62.67,709,7,3.2,3,0.2
2023,Romeo Doubs,GB,WR,5.9,2.7,12.2,24.25,59,96,61.46,674,8,2.4,2.6,-0.2
2023,Dalton Kincaid,BUF,TE,6.1,3.8,5.9,11.4,73,91,80.22,673,2,4.5,4.3,0.2
2023,Kyle Pitts,ATL,TE,6.3,2.4,11.4,24.76,53,90,58.89,667,3,2.8,3,-0.2
2023,Tyler Boyd,CIN,WR,6.1,3.1,6.7,17.61,67,98,68.37,667,2,4.5,3.4,1.1
2023,Brandin Cooks,DAL,WR,6.2,2.6,13.4,22.3,54,81,66.67,657,8,2.4,2.5,-0.1
2023,Tee Higgins,CIN,WR,5.9,2.3,13.1,26.53,42,76,55.26,656,5,5.4,3.5,2
2023,Elijah Moore,CLE,WR,7.1,3.7,11,22.36,59,104,56.73,640,2,3.5,3.7,-0.2
2023,Dalton Schultz,HOU,TE,5.8,3.3,8,13.88,59,88,67.05,635,5,4.6,4.2,0.5
2023,Jaxon Smith-Njigba,SEA,WR,7,3.8,6.2,13.53,63,93,67.74,628,4,5.9,5.6,0.3
2023,Tyler Conklin,NYJ,TE,6,3.5,6.7,15.26,61,87,70.11,621,0,4.5,4.2,0.2
2023,Curtis Samuel,WAS,WR,6.8,3.3,7.1,14.59,62,91,68.13,613,4,4.4,4.1,0.3
2023,Khalil Shakir,BUF,WR,5.7,3.5,8.3,7.98,39,45,86.67,611,2,7.6,4.6,3
2023,Josh Reynolds,DET,WR,5.8,2.5,11.1,17.77,40,64,62.5,608,5,5,4,1
2023,Dallas Goedert,PHI,TE,6.7,2.9,5.5,9.94,59,83,71.08,592,3,5.5,4.7,0.8
2023,Jonnu Smith,ATL,TE,6.6,3.9,6.1,10.22,50,70,71.43,582,3,7.6,5.3,2.3
2023,Dontayvion Wicks,GB,WR,7.2,3.2,10.3,12.37,39,58,67.24,581,4,5.6,3.5,2.2
2023,Josh Palmer,LAC,WR,6.8,2.6,11.4,14.76,38,61,62.3,581,2,5.6,5.1,0.6
2023,Marquise Brown,AZ,WR,6.1,2.5,11.9,30.49,51,101,50.5,574,4,3.4,3.8,-0.4
2023,Noah Brown,HOU,WR,6.7,3.1,12.3,13.33,33,55,60,567,2,6.9,3.9,3.1
2023,Odell Beckham,BAL,WR,5.3,2.7,14.2,22.27,35,64,54.69,565,3,4.9,3.7,1.1
2023,Demario Douglas,NE,WR,6.8,3.1,8.1,16.32,49,79,62.03,561,0,7,7,0
2023,Michael Wilson,AZ,WR,6.3,2.6,12.6,18.3,37,57,64.91,561,3,4,2.8,1.2
2023,Darren Waller,NYG,TE,6.3,2.9,7.6,15.92,52,74,70.27,552,1,4.3,4.5,-0.2
2023,Mark Andrews,BAL,TE,5.6,3.2,7.9,11.72,45,61,73.77,544,6,5,5,0.1
2023,K.J. Osborn,MIN,WR,5.9,3.3,9,14.17,48,75,64,540,3,4,3.7,0.2
2023,Chigoziem Okonkwo,TEN,TE,5.5,3.8,6.9,11.95,54,77,70.13,528,1,5.3,5.1,0.2
2023,Wan'Dale Robinson,NYG,WR,7,4,5.2,11.49,60,78,76.92,525,1,5,4.4,0.7
2023,D.J. Chark,CAR,WR,5.7,2.3,15.1,25.09,35,66,53.03,525,5,2.8,2.6,0.2
2023,Jahan Dotson,WAS,WR,7.1,2.6,9.8,18.34,49,83,59.04,518,4,2.3,2.9,-0.5
2023,Alec Pierce,IND,WR,6.2,2.2,15,23.73,32,65,49.23,514,2,3.4,3.4,0
2023,Logan Thomas,WAS,TE,6.4,3.3,6.3,11.03,55,78,70.51,496,4,4.4,3.9,0.4
2023,Tyler Higbee,LAR,TE,6.3,3.7,5.5,9.02,47,70,67.14,495,2,5.5,5.4,0.1
2023,Tutu Atwell,LAR,WR,6.6,2.6,11.2,17.51,39,67,58.21,483,3,2.7,2.9,-0.2
2023,Cade Otton,TB,TE,6.5,3.4,6.5,9.23,47,67,70.15,452,4,5,4.6,0.4
2023,Justin Watson,KC,WR,6,2.5,17.5,23.36,26,52,50,449,3,2.3,3.2,-1
2023,Michael Thomas,NO,WR,5.1,2,10.2,13.21,39,64,60.94,448,1,2.9,2.5,0.4
2023,Quentin Johnston,LAC,WR,6.1,2.4,13.1,18.6,38,67,56.72,431,2,3.9,3.2,0.7
2023,Robert Woods,HOU,WR,7.1,2.6,10,14.8,40,75,53.33,426,1,3.4,3.1,0.2
2023,Christian Watson,GB,WR,6.4,2.9,16.3,17.91,28,53,52.83,422,5,3.7,1.9,1.8
2023,Hunter Henry,NE,TE,6,2.4,8.8,13.72,42,61,68.85,419,6,2.1,2.2,-0.1
2023,Jonathan Mingo,CAR,WR,6.2,2.8,10.3,22.02,43,85,50.59,418,0,3.7,4.4,-0.7
2023,Michael Gallup,DAL,WR,6.1,2.3,10.9,12.91,34,57,59.65,418,2,3.1,2.9,0.2
2023,Darnell Mooney,CHI,WR,5.9,3.1,10.6,17.17,31,61,50.82,414,1,6.2,4.7,1.5
2023,Gerald Everett,LAC,TE,5.9,4,4,5.89,51,70,72.86,411,3,5.6,4.9,0.6
2023,Kendrick Bourne,NE,WR,7.1,2.7,10.1,14.13,37,55,67.27,406,4,5.4,3.8,1.6
2023,DeVante Parker,NE,WR,5.8,2,11,15.35,33,55,60,394,0,4.2,3.9,0.3
2023,Trey Palmer,TB,WR,6.4,3.1,10.2,14.58,39,68,57.35,385,3,3.1,3.6,-0.6
2023,Nelson Agholor,BAL,WR,6.4,3.6,9.4,10.33,35,45,77.78,381,4,4.3,4.3,0
2023,Nick Westbrook-Ikhine,TEN,WR,6.7,2.9,12.3,12.49,28,45,62.22,370,3,4.5,4.3,0.2
2023,Kylen Granson,IND,TE,6.4,3.5,8,9.74,30,50,60,368,1,4.5,4.6,-0.1
2023,Juwan Johnson,NO,TE,5,2.8,7.8,9.38,37,59,62.71,368,4,4,3.8,0.2
2023,Rashod Bateman,BAL,WR,5.5,2.5,14.2,19.49,32,56,57.14,367,1,1.8,2.3,-0.5
2023,Rondale Moore,AZ,WR,7.3,4.5,5.1,7.99,40,62,64.52,352,1,5.5,5.7,-0.2
2023,Tanner Hudson,CIN,TE,6.3,3.1,5.1,6.81,39,50,78,352,1,4.1,3.8,0.3
2023,Luke Musgrave,GB,TE,5.6,4.3,7.1,6.78,34,46,73.91,352,1,5.3,5.3,0.1
2023,Zay Jones,JAX,WR,6.7,2.5,13.4,17.47,34,64,53.13,321,2,1.9,2,-0.1
2023,Allen Lazard,NYJ,WR,6.3,2.2,12,15.39,23,49,46.94,311,1,2.4,2.3,0.1
2023,Pat Freiermuth,PIT,TE,7,3,6.8,8.72,32,47,68.09,308,2,4.6,3.7,0.9
2023,Allen Robinson,PIT,WR,6.7,2.6,7.6,10.03,33,48,68.75,273,0,2.2,2.3,-0.1
2023,JuJu Smith-Schuster,NE,WR,7,2.4,7.2,8.61,29,47,61.7,260,1,3.4,4.1,-0.7
2023,Mike Gesicki,NE,TE,5.8,3.1,8.7,9.96,29,45,64.44,244,2,3.2,3.7,-0.5
2022,Justin Jefferson,MIN,WR,5.4,3.1,10.3,39.01,128,184,69.57,1809,8,5.1,4.1,0.9
2022,Tyreek Hill,MIA,WR,6.4,3.3,12.2,40.15,119,170,70,1710,7,4.3,4.1,0.2
2022,Davante Adams,LV,WR,5.5,2.9,12.1,41.77,100,180,55.56,1516,14,5.2,4.6,0.6
2022,A.J. Brown,PHI,WR,5.6,2.6,12.2,41.29,88,145,60.69,1496,11,6.6,4.6,2
2022,Stefon Diggs,BUF,WR,5.4,2.8,11.6,34.58,108,154,70.13,1429,11,4.1,3.4,0.8
2022,CeeDee Lamb,DAL,WR,6.6,3.1,10.3,35.42,107,156,68.59,1359,9,4.8,4,0.8
2022,Jaylen Waddle,MIA,WR,5.8,3,12,27.22,75,117,64.1,1356,8,7.2,4.4,2.8
2022,Travis Kelce,KC,TE,6.3,2.9,7.3,24.24,110,152,72.37,1338,12,6.2,4.8,1.4
2022,DeVonta Smith,PHI,WR,6.5,2.9,9.9,31.23,95,136,69.85,1210,7,5.2,4.7,0.5
2022,Terry McLaurin,WAS,WR,6.2,2.5,13,34.95,77,120,64.17,1191,5,5.2,4.1,1.1
2022,Amon-Ra St. Brown,DET,WR,6.5,3.1,6.3,22.79,106,146,72.6,1161,6,5.2,4.5,0.6
2022,Amari Cooper,CLE,WR,5.7,2.5,12.9,38.71,78,132,59.09,1160,9,4,3.4,0.7
2022,Mike Evans,TB,WR,5.7,2.6,13.4,33.64,77,127,60.63,1124,6,3.3,2.9,0.4
2022,Garrett Wilson,NYJ,WR,5.8,2.6,10.7,31.83,83,147,56.46,1103,4,5,3.9,1
2022,Christian Kirk,JAX,WR,6.4,3.2,9.5,29.67,84,133,63.16,1102,8,4.7,4.8,-0.1
2022,DK Metcalf,SEA,WR,6.3,2.3,11.8,37.62,90,141,63.83,1048,6,2.6,2.5,0.2
2022,Ja'Marr Chase,CIN,WR,5.5,2.6,9.5,29.95,87,134,64.93,1046,9,4.8,3.1,1.7
2022,Chris Olave,NO,WR,7.2,2.8,14.2,38.64,72,119,60.5,1042,4,3,3.1,-0.2
2022,Tyler Lockett,SEA,WR,7.5,3.5,10.9,29.01,84,117,71.79,1033,9,3.4,4.2,-0.9
2022,Tee Higgins,CIN,WR,5.8,2.5,11.3,28.88,74,109,67.89,1029,7,3.9,3.2,0.8
2022,Chris Godwin,TB,WR,6.7,3,5.8,16.14,104,142,73.24,1019,3,5.2,4.4,0.9
2022,Brandon Aiyuk,SF,WR,6.2,2.9,9.9,32.64,78,114,68.42,1015,8,4.9,4.3,0.6
2022,Jerry Jeudy,DEN,WR,6.5,3.7,11.6,24.53,67,100,67,972,6,6.3,5.2,1.1
2022,JuJu Smith-Schuster,KC,WR,5.7,3.3,7.4,16.29,78,101,77.23,933,3,6.1,4.3,1.8
2022,Michael Pittman,IND,WR,6.5,2.7,7.3,26.54,99,141,70.21,925,4,3.5,3.6,0
2022,T.J. Hockenson,MIN,TE,6.3,3,7.7,20.27,86,129,66.67,904,6,4.9,3.4,1.5
2022,Mike Williams,LAC,WR,5.4,2.8,12.2,25.12,63,93,67.74,895,4,5.3,4.4,0.9
2022,D.J. Moore,CAR,WR,6.7,2.8,13.2,48.74,63,118,53.39,892,7,3.4,3.3,0.1
2022,Diontae Johnson,PIT,WR,5.3,2.8,10.6,33.61,86,147,58.5,882,0,2.6,2.7,-0.1
2022,Drake London,ATL,WR,7,2.5,10.8,32.7,72,117,61.54,866,4,3.3,3.3,0
2022,Mark Andrews,BAL,TE,6,3.1,10,28.53,73,113,64.6,847,5,3.7,3.5,0.2
2022,Donovan Peoples-Jones,CLE,WR,5.7,2.5,12.2,26.6,61,96,63.54,839,3,3.2,3.5,-0.3
2022,Gabe Davis,BUF,WR,5.4,2.8,15.9,28.54,48,93,51.61,836,7,3,2.4,0.6
2022,Zay Jones,JAX,WR,6.6,3.5,8.5,24.3,82,121,67.77,834,5,3.9,3.9,0
2022,Courtland Sutton,DEN,WR,5.8,2.7,12.6,29.22,64,109,58.72,829,2,2.3,2.8,-0.5
2022,Cooper Kupp,LAR,WR,6.5,3.2,7.3,19.81,75,98,76.53,812,6,5.7,4.4,1.2
2022,Jakobi Meyers,NE,WR,5.6,3,9.7,23.64,67,96,69.79,804,6,3.9,4.5,-0.6
2022,George Pickens,PIT,WR,4.7,2.4,14.8,26.83,52,84,61.9,801,4,2.4,1.8,0.6
2022,Allen Lazard,GB,WR,5.2,2.7,12.3,28.46,60,100,60,788,6,4.8,4.4,0.3
2022,Josh Palmer,LAC,WR,6.3,3.5,8.7,20.63,72,107,67.29,769,3,3.6,3.6,0
2022,Evan Engram,JAX,TE,7,3.3,6.2,14.3,73,98,74.49,766,4,6.8,5.8,1
2022,George Kittle,SF,TE,5.6,3.3,7.3,18.19,60,86,69.77,765,11,6.8,5.2,1.5
2022,Tyler Boyd,CIN,WR,5.1,2.7,9.4,18.07,58,82,70.73,762,5,4.5,3.5,1
2022,Keenan Allen,LAC,WR,6.1,3.6,8.4,16.55,66,89,74.16,752,4,4.1,4.6,-0.6
2022,Pat Freiermuth,PIT,TE,6.3,2.7,8,16.97,63,98,64.29,732,2,4.7,3.4,1.3
2022,Darius Slayton,NYG,WR,6.7,2.5,12.3,27.93,46,71,64.79,724,2,5.9,4.5,1.5
2022,DeAndre Hopkins,AZ,WR,6.9,2.8,9.9,21.88,64,96,66.67,717,3,2.9,2.9,0
2022,Adam Thielen,MIN,WR,6.1,2.7,10.1,22.25,70,107,65.42,716,6,2.2,3.1,-0.9
2022,Marquise Brown,AZ,WR,6.8,3.3,10.9,26.87,67,107,62.62,709,3,3.8,3.8,0
2022,Dallas Goedert,PHI,TE,6.2,3.7,5.9,9.33,55,69,79.71,702,3,7.9,6.4,1.5
2022,Brandin Cooks,HOU,WR,7,2.9,10.9,24.35,57,93,61.29,699,3,3.9,4.5,-0.6
2022,Mack Hollins,LV,WR,6.6,3,12.7,22.83,57,94,60.64,690,4,3.5,3.1,0.4
2022,Marquez Valdes-Scantling,KC,WR,6.4,2.8,13.9,24.76,42,81,51.85,687,2,3.4,4.4,-1
2022,Curtis Samuel,WAS,WR,6.7,3.5,7,14.4,64,92,69.57,656,4,4.7,3.8,0.8
2022,K.J. Osborn,MIN,WR,6.2,3.4,8.3,15.34,60,90,66.67,650,5,5.2,4.4,0.8
2022,Deebo Samuel,SF,WR,6.7,3.6,4.3,11.83,56,94,59.57,632,2,9,6.4,2.6
2022,David Njoku,CLE,TE,5.2,3.1,6.8,12.44,58,80,72.5,628,4,6,4.9,1.1
2022,Parris Campbell,IND,WR,6.5,3.5,6.4,15.12,63,91,69.23,623,3,4.5,4,0.5
2022,Tyler Higbee,LAR,TE,5.7,3.5,3.1,9.19,72,108,66.67,620,3,5.7,5.5,0.2
2022,Kalif Raymond,DET,WR,7.1,3.1,9.7,15.46,47,64,73.44,616,0,5,5.8,-0.9
2022,Christian Watson,GB,WR,6.1,2.9,14,21.34,41,66,62.12,611,7,6.8,5.3,1.5
2022,Alec Pierce,IND,WR,6.1,1.9,12.1,24.39,41,78,52.56,593,2,2.8,2.5,0.3
2022,Dalton Schultz,DAL,TE,6.1,2.9,7.3,14.27,57,89,64.04,577,5,3.9,3.5,0.4
2022,Richie James,NYG,WR,6.7,3.2,7.2,16.08,57,70,81.43,569,4,3.3,4.1,-0.8
2022,Noah Brown,DAL,WR,6.8,2.4,11.3,18.48,43,74,58.11,555,3,3,2.8,0.3
2022,Gerald Everett,LAC,TE,5.8,3.3,6,11.52,58,87,66.67,555,4,5.8,5.3,0.5
2022,Tyler Conklin,NYJ,TE,4.8,4.2,7.3,12.81,58,87,66.67,552,3,5.1,4.7,0.3
2022,Chris Moore,HOU,WR,6.1,3,9.3,16.49,48,74,64.86,548,2,5.7,4.1,1.6
2022,Cole Kmet,CHI,TE,5.7,4.4,6.6,14.11,50,69,72.46,544,7,6.2,6.3,-0.1
2022,DeVante Parker,NE,WR,4.2,1.7,15.7,18.66,31,47,65.96,539,3,4.1,2.8,1.3
2022,DeAndre Carter,LAC,WR,6.8,3.3,8.7,12.49,46,65,70.77,538,3,5.2,4.9,0.4
2022,Corey Davis,NYJ,WR,6.7,2.3,13.8,17.93,32,64,50,536,2,3.9,2.8,1.1
2022,Olamide Zaccheaus,ATL,WR,6.7,3.3,11.4,18.01,40,61,65.57,533,3,5,4.4,0.7
2022,Marvin Jones,JAX,WR,5.9,2.1,13.5,25.78,46,81,56.79,529,3,2.3,2.5,-0.2
2022,Robert Woods,TEN,WR,6.9,2.8,8.7,22.85,53,91,58.24,527,2,3,2.9,0.1
2022,Jahan Dotson,WAS,WR,6,2.8,14.7,20.03,35,61,57.38,523,7,4.3,3.7,0.6
2022,Dawson Knox,BUF,TE,5.5,4.3,7.9,9.94,48,65,73.85,517,6,4.4,4.1,0.4
2022,Hunter Henry,NE,TE,5.7,3.9,7.7,11.47,41,59,69.49,509,2,5.3,5.3,0
2022,Juwan Johnson,NO,TE,5.6,2.6,9.2,13.72,42,65,64.62,508,7,4.3,3.2,1.1
2022,D.J. Chark,DET,WR,5.5,2.2,15.4,19.86,30,52,57.69,502,3,4.7,3.9,0.8
2022,Jordan Akins,HOU,TE,5.8,3.2,6.6,8.55,37,54,68.52,495,5,7.6,6,1.6
2022,Darnell Mooney,CHI,WR,6.5,3.6,11.7,22.01,40,61,65.57,493,2,4.5,4.5,0.1
2022,Terrace Marshall,CAR,WR,5.1,2.6,12.5,18.28,28,47,59.57,490,1,5.7,4.5,1.2
2022,Noah Fant,SEA,TE,7.1,3.9,6.7,9.64,50,63,79.37,486,4,4.7,4.6,0.1
2022,Nico Collins,HOU,WR,5.9,2.9,11.9,18.81,37,66,56.06,481,2,4.2,3.8,0.3
2022,Josh Reynolds,DET,WR,6.9,2.8,12.7,18.55,38,59,64.41,479,3,3.1,3,0.1
2022,Robert Tonyan,GB,TE,6.5,4.4,6.1,9.4,53,67,79.1,470,2,4.7,5.7,-0.9
2022,Greg Dortch,AZ,WR,7.3,4.2,4.4,6.54,52,64,81.25,467,2,6.1,4.9,1.1
2022,Demarcus Robinson,BAL,WR,7,3,9.3,17.53,48,75,64,458,2,3.3,3.1,0.3
2022,Chase Claypool,CHI,WR,5.6,2.8,10.4,25.35,46,79,58.23,457,1,3.1,3.3,-0.1
2022,Chigoziem Okonkwo,TEN,TE,6.5,3,7.8,10.45,32,46,69.57,450,3,8.1,5.1,3
2022,Elijah Moore,NYJ,WR,6.1,3.1,12,15.82,37,65,56.92,450,1,2.8,3.1,-0.3
2022,Treylon Burks,TEN,WR,7.1,3.1,11.3,17.63,33,54,61.11,444,1,5.4,4.3,1.1
2022,Austin Hooper,TEN,TE,5.9,2.7,8,13.92,41,60,68.33,444,2,3.4,3.2,0.2
2022,Kendrick Bourne,NE,WR,7,3.4,10,12.16,35,48,72.92,434,1,4.2,3.6,0.6
2022,Russell Gage,TB,WR,7,3.3,5.9,8.18,51,70,72.86,426,5,3.5,4,-0.5
2022,Romeo Doubs,GB,WR,6.4,3.3,9.2,14.34,42,67,62.69,425,3,4.8,4.7,0.1
2022,Michael Gallup,DAL,WR,6.1,2.4,11.7,19.13,39,74,52.7,424,4,3,3,0
2022,Isaiah McKenzie,BUF,WR,4.9,3.3,8.4,10.57,42,65,64.62,423,4,3.3,3.6,-0.3
2022,Foster Moreau,LV,TE,5.4,3.4,7.8,8.07,33,54,61.11,420,2,7.6,6.3,1.3
2022,Randall Cobb,GB,WR,6,2.9,9.7,11.23,34,50,68,417,1,5.5,4.1,1.4
2022,Trent Sherfield,MIA,WR,5.9,2.9,10.5,10.37,30,51,58.82,417,2,5.1,3.1,2.1
2022,Jauan Jennings,SF,WR,6.2,3.5,8.3,13.46,35,56,62.5,416,1,5.1,3.9,1.2
2022,Rondale Moore,AZ,WR,7.5,3.8,5.3,6.78,41,56,73.21,414,1,7.1,5.4,1.8
2022,Hayden Hurst,CIN,TE,6,3.9,5,8.02,52,68,76.47,414,2,3.8,3.9,-0.1
2022,Greg Dulcich,DEN,TE,6.5,3.5,11.5,13.37,33,55,60,411,2,4.9,4.6,0.3
2022,Devin Duvernay,BAL,WR,7.1,3.4,9.9,12.29,37,49,75.51,407,3,4.7,4.4,0.3
2022,Zach Ertz,AZ,TE,5.1,3,7.8,12.3,47,69,68.12,406,4,3,3.3,-0.4
2022,Nick Westbrook-Ikhine,TEN,WR,5.5,2.3,13.4,19.47,25,50,50,397,3,4.9,4.4,0.5
2022,Isaiah Hodgins,NYG,WR,6.7,2.8,9.1,13.91,37,48,77.08,392,4,2.9,2.8,0.1
2022,Cade Otton,TB,TE,6.2,3.2,5.7,7.26,42,65,64.62,391,2,4.6,4.1,0.5
2022,Ben Skowronek,LAR,WR,7.2,3.4,7.5,12.59,39,61,63.93,376,0,4,4.1,-0.1
2022,Isaiah Likely,BAL,TE,6.5,3.2,7.1,10.72,36,60,60,373,3,4.5,4,0.4
2022,Mike Gesicki,MIA,TE,6.2,3.1,9.8,9.88,32,52,61.54,362,5,3.4,4.2,-0.7
2022,Nelson Agholor,NE,WR,6.1,3.4,11.7,15.75,31,53,58.49,362,2,5.1,4.1,0.9
2022,Kyle Pitts,ATL,TE,7,2.9,13.2,20.04,28,59,47.46,356,2,5,4.4,0.6
2022,Quez Watkins,PHI,WR,7,3.6,9.4,11.14,33,51,64.71,354,3,4.7,6.2,-1.5
2022,Allen Robinson,LAR,WR,4.8,2.1,9.5,13.54,33,52,63.46,339,3,2.6,3,-0.4
2022,Hunter Renfrow,LV,WR,6.2,3.1,6.5,6.23,36,50,72,330,2,4.2,4.2,-0.1
2022,Logan Thomas,WAS,TE,5.4,3.7,7,9.51,39,61,63.93,323,1,3.3,3.4,-0.1
2022,Tyquan Thornton,NE,WR,5.9,3.1,14,15.96,22,45,48.89,247,2,3.3,4.4,-1.1
2022,A.J. Green,AZ,WR,6.2,2.3,11.1,12.01,24,47,51.06,236,2,2.5,1.8,0.8
2021,Cooper Kupp,NFC,WR,6.6,3.6,8.4,31.31,145,191,75.92,1947,16,6.2,4.8,1.3
2021,Justin Jefferson,NFC,WR,5.7,3,12.3,45.31,108,167,64.67,1616,10,4.7,4,0.8
2021,Davante Adams,NFC,WR,5.3,3,9.1,35.23,123,169,72.78,1553,11,5.4,4.8,0.6
2021,Ja'Marr Chase,AFC,WR,5,2.4,12.8,37.48,81,128,63.28,1455,13,8.3,3.9,4.4
2021,Deebo Samuel,NFC,WR,6.7,3.3,8.7,26.61,77,121,63.64,1397,6,10.4,5.2,5.2
2021,Mark Andrews,AFC,TE,6.4,3.1,10.5,30.45,107,153,69.93,1361,9,4.5,3.9,0.6
2021,Tyreek Hill,KC,WR,6.1,3.6,10.4,35.5,111,159,69.81,1239,9,4.1,3.8,0.3
2021,Stefon Diggs,BUF,WR,5.1,2.7,11.6,35.39,103,164,62.8,1225,10,3.3,3.1,0.2
2021,Tyler Lockett,SEA,WR,7,3.2,14.9,35.58,73,107,68.22,1175,8,4.2,3.9,0.2
2021,Diontae Johnson,AFC,WR,4.6,3.2,8.4,32.48,107,169,63.31,1161,8,5.1,5.1,0
2021,D.J. Moore,CAR,WR,5.6,2.7,10.6,40.03,93,163,57.06,1157,4,5,4.6,0.4
2021,Mike Williams,LAC,WR,5.3,2.5,11.6,29.62,76,129,58.91,1146,9,5.9,4.4,1.4
2021,Keenan Allen,AFC,WR,6,3.2,8.5,26.6,106,157,67.52,1138,6,3.4,3.8,-0.4
2021,Travis Kelce,AFC,TE,5.5,3.3,7.2,20.57,92,134,68.66,1125,9,6.4,4.8,1.6
2021,Chris Godwin,TB,WR,6.3,3.3,7.3,16.24,98,127,77.17,1103,5,6.3,5.4,0.9
2021,CeeDee Lamb,DAL,WR,6.3,3.1,10.6,24.84,79,120,65.83,1102,6,5.7,3.6,2
2021,Tee Higgins,CIN,WR,6,2.3,12.1,30.47,74,110,67.27,1091,6,4,2.9,1.1
2021,Michael Pittman,IND,WR,6.3,2.8,9.7,31.28,88,129,68.22,1082,6,4.1,3.8,0.3
2021,Darnell Mooney,CHI,WR,7.1,2.9,11.3,36.43,81,140,57.86,1055,4,5.1,4.1,1
2021,Terry McLaurin,WAS,WR,5.6,2.4,13.4,41.67,77,130,59.23,1053,5,4.1,3.3,0.9
2021,Hunter Renfrow,LV,WR,6.6,3.4,6.5,17.22,103,128,80.47,1038,9,4.6,4.6,0
2021,Mike Evans,NFC,WR,4.9,2.7,13.1,26.16,74,114,64.91,1035,14,3.6,3.6,-0.1
2021,Brandin Cooks,HOU,WR,6.4,3.3,10.6,36.75,90,134,67.16,1028,6,3.9,3.6,0.3
2021,Kyle Pitts,NFC,TE,5.9,2.3,10.5,28.53,68,110,61.82,1026,1,5.2,3.8,1.5
2021,Jaylen Waddle,MIA,WR,6.5,3.3,6.8,21.99,104,140,74.29,1015,6,4.6,4.2,0.3
2021,Marquise Brown,BAL,WR,7.7,3.5,11.5,32.02,91,146,62.33,1008,6,4.3,4.6,-0.2
2021,Christian Kirk,AZ,WR,6,3.4,11.4,27.89,77,103,74.76,982,5,3.3,4.1,-0.8
2021,DK Metcalf,SEA,WR,6.3,2.6,12.7,36.71,75,129,58.14,967,12,4.6,2.9,1.6
2021,DeVonta Smith,PHI,WR,6.1,2.3,14.8,37.99,64,104,61.54,916,5,2.9,2.7,0.3
2021,Amon-Ra St. Brown,DET,WR,6.7,3.5,7.2,23.01,90,119,75.63,912,5,4.8,4.1,0.7
2021,George Kittle,NFC,TE,5.8,3.1,7.8,18.58,71,94,75.53,910,6,6.7,4.8,1.9
2021,A.J. Brown,TEN,WR,6.1,2.6,12,32.11,63,105,60,869,5,3.7,3.5,0.2
2021,Jakobi Meyers,NE,WR,5.4,2.8,9.6,28.49,83,126,65.87,866,2,3,3.2,-0.2
2021,Amari Cooper,DAL,WR,6.8,2.6,11.2,22.69,68,104,65.38,865,8,3.7,3.4,0.3
2021,A.J. Green,AZ,WR,6.1,2.5,12.4,26.94,54,92,58.7,848,3,4,3.5,0.5
2021,Chase Claypool,PIT,WR,5.1,2.4,11.3,27.25,59,105,56.19,848,2,5.4,4,1.4
2021,Marvin Jones,JAX,WR,6.1,2.5,12.8,32.6,73,120,60.83,832,4,1.8,2.6,-0.8
2021,Dallas Goedert,PHI,TE,6,3.6,8.2,15.46,56,76,73.68,830,4,7,5.4,1.7
2021,Tyler Boyd,CIN,WR,6.3,3.2,8,17.28,67,94,71.28,828,5,5.9,5.2,0.7
2021,Brandon Aiyuk,SF,WR,5.5,2.9,9.9,21.11,56,84,66.67,826,5,6.7,4.2,2.5
2021,Dalton Schultz,DAL,TE,5.4,3.5,6.9,13.98,78,104,75,808,8,4.7,4.4,0.2
2021,Van Jefferson,LAR,WR,6.1,2.5,13.6,23.72,50,89,56.18,802,6,4.7,4.6,0
2021,Rob Gronkowski,TB,TE,4.8,3.4,9.7,15.13,55,89,61.8,802,6,6.9,5.8,1.2
2021,Kendrick Bourne,NE,WR,6.4,3.3,8.5,14,55,70,78.57,800,5,7.1,4.4,2.7
2021,Mike Gesicki,MIA,TE,6.5,2.8,8.7,22.54,73,112,65.18,780,2,3.5,3.9,-0.4
2021,Courtland Sutton,DEN,WR,5.2,2.5,15.4,34.49,58,98,59.18,776,2,2.5,3,-0.5
2021,Russell Gage,ATL,WR,6.1,3.1,9.4,21.9,66,94,70.21,771,4,4.1,3.7,0.4
2021,Zach Ertz,AZ,TE,6,3.2,7.7,20.32,74,112,66.07,763,5,4.8,4.7,0.1
2021,Tim Patrick,DEN,WR,6,2.8,12,23.24,53,85,62.35,734,5,4.1,3.1,1.1
2021,Adam Thielen,MIN,WR,6.1,3.1,9.7,20.36,67,95,70.53,726,10,3.8,3.6,0.1
2021,Marquez Callaway,NO,WR,5.8,2.8,12.9,28.71,46,84,54.76,698,6,3.1,2.7,0.4
2021,Mecole Hardman,KC,WR,6.8,4.1,7.2,12.76,59,83,71.08,693,2,8.8,6.5,2.2
2021,Cole Beasley,BUF,WR,6.8,4,5.4,11.23,82,112,73.21,693,1,4,4.4,-0.5
2021,Noah Fant,DEN,TE,5.8,4.1,6,12.39,68,90,75.56,670,4,5,4.6,0.4
2021,Darren Waller,LV,TE,6.2,2.9,10,19.17,55,93,59.14,665,2,4.9,4.5,0.4
2021,K.J. Osborn,MIN,WR,5.6,2.8,10.5,18.92,50,82,60.98,655,7,3.9,3.4,0.5
2021,Quez Watkins,PHI,WR,6,3.4,12.3,18.85,43,62,69.35,647,1,6,4.2,1.8
2021,Emmanuel Sanders,BUF,WR,5.7,2.9,15,20.19,42,72,58.33,626,4,2.6,2.7,-0.1
2021,Laviska Shenault,JAX,WR,6.7,3.6,5.8,12.25,63,100,63,619,0,6.6,4.8,1.7
2021,Cole Kmet,CHI,TE,5.4,3.3,7.5,16.11,60,93,64.52,612,0,4.7,4.1,0.6
2021,Hunter Henry,NE,TE,5.7,2.7,9.9,17.52,50,75,66.67,603,9,3.4,3.7,-0.3
2021,Cedrick Wilson,DAL,WR,6.3,3.6,9.5,11.26,45,61,73.77,602,6,6.2,5,1.2
2021,Donovan Peoples-Jones,CLE,WR,5.7,2.1,15,21.27,34,58,58.62,597,3,4.9,3.6,1.3
2021,Tyler Conklin,MIN,TE,5.3,3.5,5.5,10.56,61,87,70.11,593,3,5.6,5.7,-0.1
2021,Dawson Knox,BUF,TE,5.3,4,7.2,9.5,49,71,69.01,587,9,6.1,5.3,0.8
2021,T.J. Hockenson,DET,TE,6.2,2.8,7.5,16.85,61,84,72.62,583,4,3.6,3.5,0
2021,Kalif Raymond,DET,WR,6.8,3.7,10,19.08,48,71,67.61,576,4,6,5.4,0.6
2021,DeAndre Hopkins,AZ,WR,5.3,2.8,12.6,19.16,42,64,65.63,572,8,3.5,2.9,0.5
2021,Deonte Harris,NO,WR,7.2,3.6,10.4,16.18,36,59,61.02,570,3,6.9,5.6,1.3
2021,Jarvis Landry,CLE,WR,6.1,3,8.3,17.63,52,87,59.77,570,2,5.3,4.8,0.4
2021,Byron Pringle,KC,WR,5.3,4.1,10.7,13.85,42,60,70,568,5,4.8,4,0.8
2021,Jared Cook,LAC,TE,5.9,2.8,8.7,14.32,48,83,57.83,564,4,5.3,4.7,0.6
2021,Tyler Higbee,LAR,TE,6,3.1,5.3,8.84,61,85,71.76,560,5,4.8,5.7,-0.9
2021,Bryan Edwards,LV,WR,5.1,2,14.1,16.83,33,58,56.9,559,3,6.2,3.6,2.5
2021,Robert Woods,LAR,WR,6.2,3.8,8.5,11.47,45,69,65.22,556,4,4.8,4.7,0
2021,Gabriel Davis,BUF,WR,5.3,2.6,14.1,16.59,35,63,55.56,549,6,4,3.6,0.4
2021,Zay Jones,LV,WR,7.1,3.3,13.9,19.93,47,70,67.14,546,1,3.9,2.7,1.2
2021,Antonio Brown,TB,WR,6.3,3.4,11.2,12.11,42,62,67.74,545,4,4.9,4.3,0.6
2021,Elijah Moore,NYJ,WR,5.9,3.4,11.9,21.45,43,77,55.84,538,5,5.1,4.7,0.4
2021,Odell Beckham,LAR,WR,6.3,2.6,13.2,26.42,44,82,53.66,537,5,3.7,3.7,0
2021,Kenny Golladay,NYG,WR,6,1.7,13.7,25.01,37,76,48.68,521,0,3.2,3.4,-0.2
2021,Robby Anderson,CAR,WR,7,2.8,10.9,27.87,53,110,48.18,519,5,2.9,3.5,-0.5
2021,Rashod Bateman,BAL,WR,6.9,2.7,9.2,11.88,46,68,67.65,515,1,3.9,3.1,0.7
2021,DeVante Parker,MIA,WR,5.2,1.7,11.8,20,40,73,54.79,515,2,3.2,2.6,0.6
2021,Allen Lazard,GB,WR,5.8,2.6,10.9,15.06,40,60,66.67,513,8,5.2,4.6,0.6
2021,Pat Freiermuth,PIT,TE,5.5,3.3,5.8,10.54,60,79,75.95,497,7,4.2,3.2,1
2021,C.J. Uzomah,CIN,TE,6.3,3.7,4.6,6.6,49,63,77.78,493,5,6.2,4.4,1.8
2021,Corey Davis,NYJ,WR,6.8,2.7,13.1,18.07,34,59,57.63,492,4,3.6,2.6,1
2021,Gerald Everett,SEA,TE,6.7,4.1,5.5,7.68,48,63,76.19,478,4,5.3,4.5,0.8
2021,Nick Westbrook-Ikhine,TEN,WR,5.3,2.7,10.4,15.01,38,57,66.67,476,4,4.2,4.2,0
2021,David Njoku,CLE,TE,4.7,3,8.4,10.83,36,53,67.92,475,4,7.2,6.1,1.1
2021,Nelson Agholor,NE,WR,4.8,2.5,14.5,21.95,37,64,57.81,473,3,2.8,3.1,-0.3
2021,Jerry Jeudy,DEN,WR,6.4,3.6,10.4,13.27,38,56,67.86,467,0,5.1,4,1
2021,Keelan Cole,NYJ,WR,5.6,2.7,13.7,16.29,28,51,54.9,449,1,3.2,2,1.2
2021,Jalen Guyton,LAC,WR,7,3.4,11,10.5,31,48,64.58,448,3,4.8,4,0.9
2021,Nico Collins,HOU,WR,5.3,2.4,11.3,17.51,33,60,55,448,1,3.7,3.4,0.3
2021,Jamison Crowder,NYJ,WR,6.4,3.4,6,9.94,51,71,71.83,447,2,3.4,3.3,0.1
2021,Michael Gallup,DAL,WR,5.3,2.4,11.9,14.35,35,62,56.45,445,2,3.8,3.4,0.5
2021,Rondale Moore,AZ,WR,8,5.7,1.1,1.69,54,64,84.38,435,1,8.4,6.8,1.5
2021,Laquon Treadwell,JAX,WR,5.6,2.9,12.3,13.31,33,51,64.71,434,1,3.8,3.1,0.6
2021,Julio Jones,TEN,WR,5.5,2.4,12.1,14.71,31,48,64.58,434,1,3.9,2.9,1
2021,Marquez Valdes-Scantling,GB,WR,5.9,2.4,17.1,21.64,26,55,47.27,430,3,6,5.1,0.9
2021,Kadarius Toney,NYG,WR,7.1,3.4,6.7,9.17,39,57,68.42,420,0,6.1,4.5,1.6
2021,Allen Robinson,CHI,WR,7.1,1.9,11.3,17.29,38,66,57.58,410,1,2.6,3,-0.3
2021,Braxton Berrios,NYJ,WR,6.6,4.1,4.7,7.2,46,65,70.77,409,2,5.6,5.1,0.5
2021,Evan Engram,NYG,TE,6.3,3.4,5.1,9,46,73,63.01,408,3,4.4,4.6,-0.2
2021,Dan Arnold,JAX,TE,5.8,3.4,6.6,7.99,35,52,67.31,408,0,5.6,4.8,0.9
2021,Olamide Zaccheaus,ATL,WR,6.5,2.5,9.7,12.65,31,53,58.49,406,3,3.1,2.6,0.4
2021,Josh Reynolds,DET,WR,5.9,2.7,13.8,17.14,29,49,59.18,396,2,4.1,3.2,0.9
2021,Sammy Watkins,BAL,WR,5.9,3.1,12.7,11.82,27,49,55.1,394,1,4.5,3.9,0.6
2021,Zach Pascal,IND,WR,6.1,3.2,9.4,16.25,38,69,55.07,384,3,3.3,3.4,-0.1
2021,Adam Humphries,WAS,WR,6.7,3.2,7.1,10.6,41,62,66.13,383,0,3.9,4.3,-0.4
2021,Tre'Quan Smith,NO,WR,6.6,2.4,9.9,13.15,32,50,64,377,3,3.7,2.8,0.9
2021,Sterling Shepard,NYG,WR,7.7,2.6,7.9,10.12,36,53,67.92,366,1,3.3,3.5,-0.3
2021,Tyler Johnson,TB,WR,5.9,2.9,8,7.7,36,55,65.45,360,0,4.1,3.4,0.7
2021,Josh Palmer,LAC,WR,5.3,2.5,10.1,9.86,33,49,67.35,353,4,3,3,0
2021,Austin Hooper,CLE,TE,4.6,2.8,5.4,8.07,38,61,62.3,345,3,5.2,4.8,0.4
2021,Darius Slayton,NYG,WR,6.8,3,13.4,18.7,26,58,44.83,339,2,2.6,3,-0.4
2021,Mo Alie-Cox,IND,TE,5.3,3.4,10.3,11.65,24,45,53.33,316,4,6.5,4.8,1.7
2021,Jalen Reagor,PHI,WR,6.7,2.9,10.1,14.13,33,57,57.89,299,2,4.4,4.8,-0.4
2021,Jonnu Smith,NE,TE,5.4,4,5.3,5.6,28,45,62.22,294,1,8.7,6.7,2
2021,Calvin Ridley,ATL,WR,5.9,3,9.9,12.73,31,52,59.62,281,2,3.1,3.5,-0.4
2021,Ray-Ray McCloud,PIT,WR,5.5,3.1,6.2,9.37,39,66,59.09,277,0,3.1,3.3,-0.2
2021,Rashard Higgins,CLE,WR,6.3,2.8,11.7,13.41,24,47,51.06,275,1,1.8,2.2,-0.5
2021,Devin Duvernay,AFC,WR,7.9,3.7,6.9,6.16,33,47,70.21,272,2,4.5,4.7,-0.2
2021,Ricky Seals-Jones,WAS,TE,6.5,3.5,6.4,7.48,30,49,61.22,271,2,4.9,4.7,0.2
2021,Cameron Brate,TB,TE,6.8,2.6,7.7,7.64,30,57,52.63,245,4,2.9,3.6,-0.7
2020,Stefon Diggs,BUF,WR,5.5,3,10.2,33.54,127,166,76.51,1535,8,3.7,3.5,0.1
2020,Travis Kelce,KC,TE,5.4,3,8.7,25.28,105,145,72.41,1416,11,5.8,4.9,1
2020,DeAndre Hopkins,AZ,WR,6.3,3.1,9,33.21,115,160,71.88,1407,6,4.7,3.6,1.1
2020,Justin Jefferson,MIN,WR,5.8,2.6,11.5,35.61,88,125,70.4,1400,7,5.3,3.4,1.9
2020,Calvin Ridley,ATL,WR,6.1,2.9,14.9,38.89,90,143,62.94,1374,9,3.1,3,0
2020,Davante Adams,GB,WR,5,3.2,9.1,33.47,115,149,77.18,1374,18,5.3,5.2,0.1
2020,DK Metcalf,SEA,WR,5.4,2.6,13.6,38.01,83,129,64.34,1303,10,4.7,3.2,1.5
2020,Tyreek Hill,KC,WR,5.6,3.4,13.2,35.59,87,135,64.44,1276,15,5.2,4.2,1
2020,Allen Robinson,CHI,WR,5.6,2.3,9.5,30.5,102,151,67.55,1250,6,3.6,3.3,0.4
2020,Darren Waller,LV,TE,5.8,3,7.9,26.33,107,145,73.79,1196,9,5.7,4.9,0.8
2020,D.J. Moore,CAR,WR,6,2.5,13.4,39.57,66,118,55.93,1193,4,6.1,4.3,1.8
2020,Brandin Cooks,HOU,WR,6.7,3,12,30.35,81,119,68.07,1143,6,4.3,3.7,0.6
2020,Terry McLaurin,WAS,WR,5.2,2.8,9.6,35.63,87,134,64.93,1118,4,5.8,4.1,1.7
2020,Amari Cooper,DAL,WR,6.6,2.5,9.1,25.38,92,130,70.77,1114,5,4.6,3.7,0.9
2020,Robby Anderson,CAR,WR,6.4,2.9,9.6,32.64,95,136,69.85,1093,3,5.5,4.8,0.7
2020,A.J. Brown,TEN,WR,5.4,2.4,11.3,30.6,70,106,66.04,1075,11,6.2,3.7,2.5
2020,Tyler Lockett,SEA,WR,6.2,3.4,10,28.61,100,132,75.76,1054,10,3.5,4,-0.6
2020,Mike Evans,TB,WR,5.2,2.8,12.8,24.84,70,109,64.22,1006,13,3.8,3.6,0.2
2020,Keenan Allen,LAC,WR,5.7,2.9,7.2,22.63,100,147,68.03,992,8,4.7,4.6,0
2020,Corey Davis,TEN,WR,6.8,2.4,12.3,28.84,65,92,70.65,984,5,4.5,4,0.5
2020,Marvin Jones,DET,WR,6.7,2.5,12.9,29.75,76,115,66.09,978,9,2.8,2.5,0.3
2020,Cooper Kupp,LAR,WR,6.3,3.2,6.3,20.57,92,124,74.19,974,3,5.8,4.4,1.4
2020,Cole Beasley,BUF,WR,6.2,3.5,7.9,16.62,82,107,76.64,967,4,4.5,4.7,-0.2
2020,Robert Woods,LAR,WR,6.9,3.4,7.1,23.93,90,129,69.77,936,6,5.7,5.7,0
2020,CeeDee Lamb,DAL,WR,5.9,3,9.4,22.3,74,111,66.67,935,5,4.6,4.6,-0.1
2020,Adam Thielen,MIN,WR,6.2,2.7,12.1,32.47,74,108,68.52,925,14,3.2,2.9,0.3
2020,Diontae Johnson,PIT,WR,5.4,3.2,8.1,24.43,88,144,61.11,923,7,4.6,4.3,0.3
2020,Tee Higgins,CIN,WR,6.4,2.5,12,27.29,67,108,62.04,908,6,4.6,3.2,1.4
2020,Nelson Agholor,LV,WR,5.2,2.4,15.3,28.97,48,82,58.54,896,8,5.3,4.2,1.1
2020,Will Fuller,HOU,WR,5.1,3,12.5,19.95,53,75,70.67,879,8,5.9,5,0.9
2020,Chase Claypool,PIT,WR,5.7,2.5,13.3,30.56,62,109,56.88,859,9,5.2,3.4,1.8
2020,Jerry Jeudy,DEN,WR,5.1,2.7,13.9,31.15,52,113,46.02,856,3,5.5,4.1,1.4
2020,Curtis Samuel,CAR,WR,6.8,3.5,7.1,17.13,77,97,79.38,851,3,4.6,4.8,-0.2
2020,Michael Gallup,DAL,WR,5.6,2.7,12.1,27.28,59,105,56.19,843,5,4.5,3.3,1.2
2020,Tyler Boyd,CIN,WR,5.9,2.7,8.6,19.89,79,110,71.82,841,4,4.8,3.6,1.2
2020,Chris Godwin,TB,WR,6.4,3,9.8,14.69,65,84,77.38,840,7,4.8,3.7,1.1
2020,Jarvis Landry,CLE,WR,6.3,3.2,8.8,21.15,72,101,71.29,840,3,4.9,4.2,0.7
2020,JuJu Smith-Schuster,PIT,WR,6.1,3.1,5.8,15.72,97,128,75.78,831,9,4.4,4.1,0.3
2020,DeVante Parker,MIA,WR,4.8,1.7,10.3,25,63,103,61.17,793,4,3,2.2,0.7
2020,Russell Gage,ATL,WR,5.5,2.8,8.8,17.53,72,109,66.06,786,4,4.1,4.1,0
2020,Julio Jones,ATL,WR,6.2,2.7,11.7,14.58,51,68,75,771,3,4.7,3.3,1.4
2020,Marquise Brown,BAL,WR,7.5,3.3,13.7,39.3,58,100,58,769,8,4.8,3.9,1
2020,T.Y. Hilton,IND,WR,5.2,2.5,12.7,29.63,56,93,60.22,762,5,3.6,3.4,0.2
2020,Mike Williams,LAC,WR,5.5,2.1,15.1,27.24,48,85,56.47,756,5,3.4,2.7,0.8
2020,Darius Slayton,NYG,WR,5.4,2.3,14.1,34.44,50,96,52.08,751,3,3.2,2.9,0.3
2020,Brandon Aiyuk,SF,WR,5.5,2.8,9.7,24.62,60,96,62.5,748,5,4.9,4.1,0.8
2020,Tim Patrick,DEN,WR,5.7,2.6,12.5,19.5,51,79,64.56,742,6,5,3.9,1.1
2020,Jakobi Meyers,NE,WR,6.3,3.4,10.3,28.3,59,81,72.84,729,0,3.8,3.9,-0.1
2020,Emmanuel Sanders,NO,WR,6.6,3.1,9.4,23.5,61,82,74.39,726,5,2.9,3.3,-0.5
2020,T.J. Hockenson,DET,TE,5.7,3.3,7.2,14.55,67,101,66.34,723,6,5.1,5.3,-0.3
2020,D.J. Chark,JAX,WR,5.6,2.3,14.2,27.47,53,93,56.99,706,5,3.3,2.9,0.4
2020,Mike Gesicki,MIA,TE,5.9,2,11.1,22.27,53,85,62.35,703,6,3.8,3.3,0.4
2020,Mark Andrews,BAL,TE,5.6,2.6,10.4,26.22,58,88,65.91,701,7,3.4,3.3,0
2020,Jamison Crowder,NYJ,WR,6.1,3.2,7.6,16.54,59,89,66.29,699,6,5.6,4.3,1.3
2020,Marquez Valdes-Scantling,GB,WR,5.5,3.1,18,28.07,33,63,52.38,690,6,7.6,6.5,1.2
2020,Noah Fant,DEN,TE,6.2,3.5,6.9,12.76,62,93,66.67,673,3,6.1,4.9,1.3
2020,Logan Thomas,WAS,TE,5.8,2.9,7.3,22.24,72,110,65.45,670,6,4.1,3.4,0.7
2020,Kendrick Bourne,SF,WR,6.2,2.8,9.6,18.94,49,74,66.22,667,2,4.5,3.5,1.1
2020,Hunter Renfrow,LV,WR,6.6,3.5,6.8,12.13,56,77,72.73,656,2,6.5,5.7,0.8
2020,Sterling Shepard,NYG,WR,6.5,3,8.2,18.74,66,90,73.33,656,3,3.2,3.5,-0.3
2020,Evan Engram,NYG,TE,6.2,2.9,7.1,19.73,63,109,57.8,654,1,4.7,3.8,0.9
2020,Keelan Cole,JAX,WR,6.6,3.3,11.4,20.83,55,88,62.5,642,5,3.5,3.1,0.4
2020,George Kittle,SF,TE,5.7,3.9,6.9,11.57,48,63,76.19,634,2,6.6,4.4,2.3
2020,Darnell Mooney,CHI,WR,7.6,3.2,11.7,24.45,61,98,62.24,631,4,4.4,3.9,0.5
2020,Zach Pascal,IND,WR,5.8,2.9,10.9,19.5,44,71,61.97,629,5,5.6,4.7,0.9
2020,Rob Gronkowski,TB,TE,5,2.7,11.5,15.83,45,77,58.44,623,7,5.8,5,0.9
2020,Christian Kirk,AZ,WR,6.2,3.5,12,21.89,48,79,60.76,621,6,3.9,4.3,-0.4
2020,Josh Reynolds,LAR,WR,5.3,2.5,10.8,22.89,52,81,64.2,618,2,4.2,4.1,0.1
2020,Dalton Schultz,DAL,TE,6.6,3.1,6.7,12.85,63,89,70.79,615,4,4.5,3.5,1
2020,Hunter Henry,LAC,TE,5.2,2.5,8.3,16.38,60,93,64.52,613,4,4.2,3.4,0.8
2020,Damiere Byrd,NE,WR,5.8,3,11.9,30.99,47,77,61.04,604,1,3.5,4.3,-0.8
2020,Danny Amendola,DET,WR,6.7,3.4,8.3,11.52,46,69,66.67,602,0,6.6,5.4,1.2
2020,Laviska Shenault,JAX,WR,7.1,3.3,6.4,10.52,58,79,73.42,600,5,5.2,4.1,1.1
2020,Gabriel Davis,BUF,WR,6.3,3.2,15.9,19.45,35,62,56.45,599,7,3.9,3.7,0.2
2020,Rashard Higgins,CLE,WR,4.8,2.8,14.4,17.81,37,52,71.15,599,4,2.5,2.7,-0.2
2020,Robert Tonyan,GB,TE,6.2,4.2,7.9,11.48,52,59,88.14,586,11,4.5,5.9,-1.4
2020,Hayden Hurst,ATL,TE,6.6,3.4,6.7,10.77,56,88,63.64,571,6,4.8,5.2,-0.4
2020,Mecole Hardman,KC,WR,6.3,3.4,10.6,13.05,41,62,66.13,560,4,7.2,6.4,0.8
2020,Eric Ebron,PIT,TE,6.5,3,7.6,14.62,56,91,61.54,558,5,3.6,3.7,0
2020,Travis Fulgham,PHI,WR,6.1,2.5,13.1,16.8,38,67,56.72,539,4,2.9,2.4,0.5
2020,Dallas Goedert,PHI,TE,6.4,2.9,8.8,10.93,46,65,70.77,524,3,4.5,4.1,0.4
2020,A.J. Green,CIN,WR,5.3,1.7,13.9,30.33,47,104,45.19,523,2,2.1,1.9,0.2
2020,Tyler Higbee,LAR,TE,5.6,3.1,7.6,11.96,44,60,73.33,521,5,5.8,4.2,1.6
2020,Jalen Guyton,LAC,WR,6.2,3.1,16.4,19.19,28,55,50.91,511,3,6.8,5,1.8
2020,Breshad Perriman,NYJ,WR,5.9,2.6,15.6,22.99,30,60,50,505,3,5.7,4.7,0.9
2020,Jared Cook,NO,TE,6.3,2.2,11.7,21.53,37,60,61.67,504,7,3.3,2,1.3
2020,Michael Pittman,IND,WR,6.3,3.2,8.5,13.02,40,61,65.57,503,1,7.1,5.8,1.2
2020,Scott Miller,TB,WR,6.2,3.4,15.3,14.49,33,53,62.26,501,3,3.8,4.1,-0.3
2020,Anthony Miller,CHI,WR,5.5,3,9.6,15.55,49,76,64.47,485,2,3.2,3.8,-0.7
2020,Antonio Brown,TB,WR,6.3,3.2,8.8,9.7,45,62,72.58,483,4,5.7,5.3,0.5
2020,Cam Sims,WAS,WR,7,3.5,10.9,14.56,32,48,66.67,477,1,8.1,6.5,1.6
2020,Chris Conley,JAX,WR,5.7,2.8,10.8,14.16,40,63,63.49,471,2,4.7,3.5,1.2
2020,Demarcus Robinson,KC,WR,6.6,4.2,9.6,11.27,45,59,76.27,466,3,3.9,3.6,0.3
2020,John Brown,BUF,WR,4.7,3.3,12.8,13.18,33,52,63.46,458,3,5.1,3.7,1.3
2020,Jimmy Graham,CHI,TE,5.8,3,7.1,11.47,50,76,65.79,456,8,4.1,4,0.2
2020,Henry Ruggs,LV,WR,7,3.3,16.9,16.76,26,43,60.47,452,2,6,5.8,0.2
2020,Allen Lazard,GB,WR,6.2,3.7,10.2,11.58,33,46,71.74,451,3,6.1,6.5,-0.4
2020,Tre'Quan Smith,NO,WR,6.7,3.5,9.5,14.57,34,50,68,448,4,3.9,2.9,1
2020,Jonnu Smith,TEN,TE,5.7,3.3,5.7,9.42,41,65,63.08,448,8,6.3,4.8,1.4
2020,Randall Cobb,HOU,WR,6.5,2.9,7,7.1,38,48,79.17,441,3,4.7,4.7,0
2020,Dan Arnold,AZ,TE,6.2,3.9,12.6,13.13,31,45,68.89,438,4,5.8,5.4,0.4
2020,Michael Thomas,NO,WR,5.1,2.5,9.6,16.25,40,55,72.73,438,0,2.1,2.4,-0.3
2020,Austin Hooper,CLE,TE,5.3,3,7.1,11.77,46,70,65.71,435,4,3.8,5.3,-1.5
2020,Willie Snead,BAL,WR,6.2,3.2,8.6,11.85,33,48,68.75,432,3,6,4.5,1.5
2020,Sammy Watkins,KC,WR,5.5,3.6,8.1,8.85,37,55,67.27,421,2,4.5,4.9,-0.4
2020,Greg Ward,PHI,WR,5.8,3.5,6.1,9.19,53,79,67.09,419,6,3,3.6,-0.5
2020,David Moore,SEA,WR,6.7,4.1,9.3,9.44,35,47,74.47,417,6,5.2,4.9,0.2
2020,Gerald Everett,LAR,TE,5.7,3.6,6.3,10.25,41,62,66.13,417,1,6,5,1
2020,Larry Fitzgerald,AZ,WR,6.1,3.3,5.9,9.86,54,72,75,409,1,3.6,3.6,-0.1
2020,Jordan Akins,HOU,TE,5.3,3.7,7.8,8.07,37,49,75.51,403,1,4.8,3.6,1.2
2020,Jalen Reagor,PHI,WR,6.5,3.3,13.9,14.36,31,54,57.41,396,1,5.6,5.5,0.1
2020,Braxton Berrios,NYJ,WR,7.1,3.4,7.7,10.43,37,55,67.27,394,3,6.2,5.6,0.6
2020,James Washington,PIT,WR,5.7,2.3,13,15.33,30,56,53.57,392,5,4.6,3.3,1.3
2020,Deebo Samuel,SF,WR,6.9,4.6,2.1,2.46,33,44,75,391,1,12.3,7.8,4.4
2020,Golden Tate,NYG,WR,6.6,2.1,9.1,12.07,35,52,67.31,388,2,2.4,2.6,-0.1
2020,Anthony Firkser,TEN,TE,6.4,2.4,7.2,9.69,39,53,73.58,387,1,3.7,3.1,0.6
2020,K.J. Hamler,DEN,WR,6.1,3.2,11,12.22,30,56,53.57,381,3,4.4,3.6,0.9
2020,Jakeem Grant,MIA,WR,6.6,3.1,10.1,12.86,36,54,66.67,373,1,4.8,3.6,1.2
2020,Irv Smith,MIN,TE,4.7,3,8.3,8.82,30,43,69.77,365,5,4.4,4.1,0.4
2020,Denzel Mims,NYJ,WR,5,2.1,15.1,16.36,23,44,52.27,357,0,5,3.5,1.5
2020,Tyler Eifert,JAX,TE,6.3,2.5,8.5,10.64,36,60,60,349,2,3.2,3,0.2
2020,Drew Sample,CIN,TE,5.9,3.9,4.5,4.95,40,53,75.47,349,1,5.2,4.8,0.4
2020,Zach Ertz,PHI,TE,5.9,3,7.3,10.14,36,72,50,335,1,2.9,3.2,-0.3
2020,Odell Beckham,CLE,WR,5.2,2.6,14.2,14.59,23,43,53.49,319,3,1.8,2.4,-0.6
2020,N'Keal Harry,NE,WR,6,2.9,8.2,15.78,33,57,57.89,309,2,3.3,2.9,0.4
2020,DaeSean Hamilton,DEN,WR,6.1,2.8,13.8,12.05,23,44,52.27,293,2,4,4.2,-0.3
2020,Dawson Knox,BUF,TE,5,4,8.3,7.19,24,44,54.55,288,3,7.2,5.4,1.8
2020,Christopher Herndon,NYJ,TE,6.1,3.6,6.8,7.52,31,45,68.89,287,3,4.5,4.6,0
2020,Isaiah Ford,MIA,WR,5.6,2.8,9.2,9.55,28,44,63.64,276,0,2.9,2.8,0.1
2020,Trey Burton,IND,TE,6.2,3.3,7.5,8.86,28,47,59.57,250,3,3.2,3.3,-0.1
2020,Cole Kmet,CHI,TE,6.4,3.6,6.2,5.76,28,44,63.64,243,2,5.5,5.2,0.3
2020,Jordan Reed,SF,TE,5.5,2.1,8.5,10.33,26,46,56.52,231,4,3.3,2.5,0.7
2019,Michael Thomas,NO,WR,5.2,2.6,8.1,41.34,149,185,80.54,1725,9,4.1,3.4,0.7
2019,Julio Jones,ATL,WR,5.6,2.2,12.3,35.92,99,157,63.06,1394,6,3.7,2.8,0.8
2019,Chris Godwin,TB,WR,6.6,2.8,10.4,19.62,86,121,71.07,1333,9,7.1,4.6,2.4
2019,Travis Kelce,KC,TE,5.4,3.1,9.3,26.99,97,136,71.32,1229,5,4.5,3.8,0.7
2019,DeVante Parker,MIA,WR,5,2.1,13.8,33.12,72,128,56.25,1202,9,4.2,3.5,0.7
2019,Keenan Allen,LAC,WR,5.4,2.7,10,30.38,104,149,69.8,1199,6,3.7,3.6,0.1
2019,Kenny Golladay,DET,WR,5.3,1.9,15.4,33.1,65,116,56.03,1190,11,4.9,4.2,0.7
2019,Amari Cooper,DAL,WR,5.4,2.6,12.8,27.98,79,119,66.39,1189,8,3.3,3.6,-0.4
2019,D.J. Moore,CAR,WR,5.3,2.6,11.1,30.19,87,135,64.44,1175,4,4.8,4,0.8
2019,Jarvis Landry,CLE,WR,5.7,2.6,9.8,29.61,83,138,60.14,1174,6,5.5,3.9,1.7
2019,DeAndre Hopkins,HOU,WR,5,2.7,10.3,33.96,104,150,69.33,1165,7,3.9,4,-0.1
2019,Cooper Kupp,LAR,WR,6.3,3.4,7.2,20.36,94,134,70.15,1161,10,6,4.7,1.2
2019,Mike Evans,TB,WR,5.3,2.4,15.3,28.24,67,118,56.78,1157,8,4.3,4,0.3
2019,Allen Robinson,CHI,WR,5.1,2.2,11.1,38.41,98,154,63.64,1147,7,3.1,3.3,-0.2
2019,Darren Waller,LV,TE,5.4,3.1,7.2,25.96,90,117,76.92,1145,3,6.9,5.6,1.3
2019,Robert Woods,LAR,WR,7.3,3.4,8.1,23.69,90,139,64.75,1134,2,6.7,5.6,1.1
2019,Stefon Diggs,MIN,WR,4.6,2.5,14.9,39.78,63,94,67.02,1126,6,5.1,4.2,0.9
2019,Julian Edelman,NE,WR,5.7,2.8,9.2,31.78,100,153,65.36,1117,6,3.5,3.9,-0.3
2019,Courtland Sutton,DEN,WR,5.1,2.5,11.8,42.93,72,124,58.06,1112,6,5.2,3.7,1.5
2019,Michael Gallup,DAL,WR,5.6,2.2,12.6,26.07,66,113,58.41,1107,6,5.4,3.8,1.5
2019,John Brown,BUF,WR,4.6,2.4,14.2,36.14,72,115,62.61,1060,6,3.1,3,0.1
2019,Tyler Lockett,SEA,WR,6.3,3.2,12.8,30.09,82,110,74.55,1057,8,4,4.7,-0.7
2019,George Kittle,SF,TE,5.2,3.3,5.7,20.19,85,107,79.44,1053,5,7.5,5.8,1.7
2019,A.J. Brown,TEN,WR,5,2.2,13.4,29.8,52,84,61.9,1051,8,8.8,4.1,4.7
2019,Tyler Boyd,CIN,WR,5.5,2.6,9.2,28.46,90,148,60.81,1046,5,4.2,3.8,0.4
2019,Odell Beckham,CLE,WR,5.5,2.6,13.3,38.59,74,133,55.64,1035,4,4.6,3.8,0.8
2019,D.J. Chark,JAX,WR,6.5,2.8,11.9,32.7,73,118,61.86,1008,8,4.4,3.8,0.6
2019,Mike Williams,LAC,WR,5.2,2,17.4,31.76,49,90,54.44,1001,2,4.8,3.4,1.3
2019,Davante Adams,GB,WR,5.6,3.2,10,26.29,83,127,65.35,997,5,5,4.3,0.7
2019,Terry McLaurin,WAS,WR,5.2,2.1,14.1,37.09,58,93,62.37,919,7,3.9,2.6,1.3
2019,Zach Ertz,PHI,TE,5.9,2.7,8.7,24.04,88,135,65.19,916,6,3.2,3.2,0.1
2019,D.K. Metcalf,SEA,WR,4.9,2.5,13.4,28.51,58,100,58,900,7,5,3.4,1.6
2019,Emmanuel Sanders,SF,WR,5.1,2.5,10.9,34.57,66,97,68.04,869,5,3.8,3.9,-0.1
2019,Calvin Ridley,ATL,WR,7.4,2.9,13.5,23.32,63,93,67.74,866,7,2.3,2.6,-0.2
2019,Tyreek Hill,KC,WR,5.9,3.2,12.6,23.86,58,89,65.17,860,7,4.9,4.2,0.7
2019,Mark Andrews,BAL,TE,6.1,3,10.8,28.69,63,97,64.95,854,10,4.9,4.3,0.6
2019,Jamison Crowder,NYJ,WR,6,3,7.9,24.13,78,122,63.93,833,6,4.7,3.9,0.8
2019,Randall Cobb,DAL,WR,6.2,3,9.5,14.48,55,83,66.27,828,3,6.2,4.9,1.3
2019,Larry Fitzgerald,AZ,WR,6.2,3,7.5,21.62,75,109,68.81,804,4,5.1,4.5,0.6
2019,Deebo Samuel,SF,WR,5.8,3.2,7.8,20.83,57,81,70.37,802,3,8.5,7.1,1.4
2019,Austin Hooper,ATL,TE,5.7,3.5,6.8,12.31,75,97,77.32,787,6,4.5,4.2,0.4
2019,Marvin Jones,DET,WR,6.5,2.1,13.2,22.17,62,91,68.13,779,9,2.2,2.3,-0.1
2019,Robby Anderson,NYJ,WR,4.3,2.2,15.3,36.73,52,96,54.17,779,5,3.8,3.5,0.3
2019,Cole Beasley,BUF,WR,6.1,3.2,7.6,17.92,67,106,63.21,778,6,5.3,4.8,0.5
2019,Chris Conley,JAX,WR,5,2.3,14.3,29.96,47,90,52.22,775,5,5.4,3.9,1.5
2019,Darius Slayton,NYG,WR,4.8,2.2,14.5,25.01,48,84,57.14,740,8,4,3.2,0.8
2019,James Washington,PIT,WR,6.2,2.5,15.6,33.03,44,80,55,735,3,4.8,3.5,1.3
2019,Tyler Higbee,LAR,TE,6,3.7,6.5,12.12,69,89,77.53,734,3,6.1,5.8,0.3
2019,Christian Kirk,AZ,WR,6,3.5,9.5,27.13,68,108,62.96,709,3,4.4,4.5,-0.1
2019,Jared Cook,NO,TE,4.9,2.3,10.9,19.39,43,65,66.15,705,9,6.1,4.1,2
2019,Diontae Johnson,PIT,WR,6.1,3.6,9,21.87,59,92,64.13,680,5,5.1,4.6,0.4
2019,Danny Amendola,DET,WR,6.3,3,8.9,15.92,62,97,63.92,678,1,3.6,3.9,-0.2
2019,Sammy Watkins,KC,WR,5.3,2.9,9.6,18.51,52,90,57.78,673,3,5.9,5.3,0.5
2019,Golden Tate,NYG,WR,5.7,2.2,9.5,16.59,49,85,57.65,670,6,6.1,3.4,2.7
2019,Will Fuller,HOU,WR,5.5,3,14,21.93,49,71,69.01,670,3,4.8,4.7,0.2
2019,Dede Westbrook,JAX,WR,6.2,3.2,7,16.38,66,101,65.35,660,3,4.9,4.8,0.1
2019,Anthony Miller,CHI,WR,5.7,3.1,10.3,19.78,52,85,61.18,656,2,4.4,4.5,-0.1
2019,Hunter Henry,LAC,TE,5.5,2.6,10.2,15.78,55,76,72.37,652,5,3.3,3.4,-0.1
2019,Tyrell Williams,LV,WR,5,2.6,13.5,26.57,42,64,65.63,651,6,5,4.5,0.5
2019,Breshad Perriman,TB,WR,5.9,2.6,16.1,17.38,36,69,52.17,645,6,4.2,4.9,-0.7
2019,Curtis Samuel,CAR,WR,5.8,2.6,14.5,30.58,54,105,51.43,627,6,2.9,3,0
2019,Zach Pascal,IND,WR,5.7,2.8,11.5,21.12,41,72,56.94,607,5,5.9,5.3,0.6
2019,Dallas Goedert,PHI,TE,5.6,3,5.8,10.24,58,86,67.44,607,5,6.2,5.2,1
2019,Hunter Renfrow,LV,WR,6.5,3.5,6.6,14.39,49,71,69.01,605,4,6.8,4.8,2
2019,Corey Davis,TEN,WR,7.2,2.7,12.3,22.32,43,69,62.32,601,2,4.9,3.3,1.6
2019,Greg Olsen,CAR,TE,5.2,2.8,8.8,14.42,52,82,63.41,597,2,4.4,4.7,-0.2
2019,Marquise Brown,BAL,WR,6.4,3,10.9,21.07,46,71,64.79,584,7,5.4,4.8,0.6
2019,Brandin Cooks,LAR,WR,6.2,3.1,13.8,20.97,42,72,58.33,583,2,4.1,3.6,0.4
2019,Sterling Shepard,NYG,WR,5.7,3.1,9.9,16.91,57,83,68.67,576,3,3.3,3.2,0.1
2019,Auden Tate,CIN,WR,5.8,2.3,11.7,19.67,40,80,50,575,1,4,2.9,1.1
2019,Mike Gesicki,MIA,TE,5.8,2.6,10.4,17.33,51,89,57.3,570,5,3.9,4,0
2019,Noah Fant,DEN,TE,5.5,2.7,7.8,15.18,40,66,60.61,562,3,8.5,6.2,2.3
2019,Kenny Stills,HOU,WR,6.3,2.7,10.7,12.93,40,55,72.73,561,4,3.7,4.5,-0.8
2019,JuJu Smith-Schuster,PIT,WR,4.9,2.4,9.6,17.74,42,70,60,552,3,6,4.3,1.7
2019,Alex Erickson,CIN,WR,6.6,2.7,8.8,14.41,43,78,55.13,529,0,5.6,4,1.6
2019,Jason Witten,DAL,TE,5.7,3.3,6.5,9.92,63,83,75.9,529,4,2.8,2.8,0
2019,Mohamed Sanu,NE,WR,5.2,3.1,7.6,12.52,59,89,66.29,520,2,3.3,3.6,-0.4
2019,John Ross,CIN,WR,5.8,2.9,14.9,17.56,28,56,50,506,3,7.4,5.6,1.9
2019,T.Y. Hilton,IND,WR,6.1,3,10.2,17.61,45,68,66.18,501,5,4.8,3.9,0.9
2019,Alshon Jeffery,PHI,WR,4.8,2.5,11.2,16.78,43,73,58.9,490,4,3.1,3.4,-0.3
2019,Allen Lazard,GB,WR,6.4,2.9,13.8,14.81,35,52,67.31,477,3,4.1,4.3,-0.2
2019,Evan Engram,NYG,TE,5.9,3.1,6,8.36,44,68,64.71,467,3,6,4.4,1.6
2019,O.J. Howard,TB,TE,5,2.5,9.4,7.82,34,53,64.15,459,1,5,4.2,0.8
2019,Marquez Valdes-Scantling,GB,WR,5.7,2.6,16.6,19.27,26,56,46.43,452,2,5.9,3.9,2
2019,Demarcus Robinson,KC,WR,5.4,3.1,13.4,15.66,32,55,58.18,449,4,3.4,3.5,-0.1
2019,Jack Doyle,IND,TE,5.4,3.5,7.1,13.02,43,72,59.72,448,4,5.4,5.3,0
2019,Jimmy Graham,GB,TE,5.6,3.9,9.2,11.45,38,60,63.33,447,3,6.8,6.2,0.6
2019,Russell Gage,ATL,WR,5.8,3.2,7.1,9.73,49,74,66.22,446,1,3.5,3.4,0.1
2019,Jonnu Smith,TEN,TE,5.9,3.7,4.8,5.62,35,44,79.55,439,3,8.4,4.6,3.8
2019,Tyler Eifert,CIN,TE,5.4,2.4,8.4,11.16,43,63,68.25,436,3,2.9,2.7,0.2
2019,Demaryius Thomas,NYJ,WR,5.8,2.5,9.9,14.32,36,58,62.07,433,1,5.1,4.5,0.6
2019,Preston Williams,MIA,WR,4.5,2.1,14.3,16.17,32,60,53.33,428,3,2.4,2.5,-0.1
2019,Josh Gordon,SEA,WR,5.4,2.4,11.4,11.41,27,47,57.45,426,1,6,5.5,0.5
2019,Ted Ginn,NO,WR,7,2.8,16.1,24.8,30,56,53.57,421,2,1.5,1.9,-0.3
2019,Adam Thielen,MIN,WR,6.4,3,12.7,17.33,30,48,62.5,418,6,4.2,3.6,0.5
2019,Jordan Akins,HOU,TE,5.8,3.4,7.2,8.71,36,55,65.45,418,2,7.1,5.2,1.9
2019,Allen Hurns,MIA,WR,6.3,3,11,9.71,32,47,68.09,416,2,3.5,4,-0.5
2019,Gerald Everett,LAR,TE,5.1,3,8.4,10.6,37,60,61.67,408,2,5,4.1,0.9
2019,Phillip Dorsett,NE,WR,5.3,2.9,13.9,16.98,29,54,53.7,397,5,3.2,4,-0.9
2019,Dawson Knox,BUF,TE,4.5,2.8,9.5,10.52,28,50,56,388,2,5.6,4.6,1
2019,Eric Ebron,IND,TE,5.8,3.2,9.4,12.38,31,52,59.62,375,3,5.4,4.4,1.1
2019,Adam Humphries,TEN,WR,5.5,2.9,7.2,8.93,37,47,78.72,374,2,3.5,3.8,-0.4
2019,T.J. Hockenson,DET,TE,5.8,2.3,8,8.7,32,59,54.24,367,2,6.4,5.6,0.8
2019,Kyle Rudolph,MIN,TE,5.6,3.4,7.1,9.66,39,48,81.25,367,6,5.2,4.6,0.5
2019,Kelvin Harmon,WAS,WR,6.4,2.4,11.4,14.09,30,44,68.18,365,0,3.4,2.8,0.6
2019,Nelson Agholor,PHI,WR,5.9,3.4,10.8,15.28,39,69,56.52,363,3,3.9,3.7,0.2
2019,Damiere Byrd,AZ,WR,5.7,3.2,9.7,11.84,32,46,69.57,359,1,4.9,3.9,1
2019,Kendrick Bourne,SF,WR,5.9,2.9,8.7,12.54,30,44,68.18,358,5,4.1,3.3,0.8
2019,Taylor Gabriel,CHI,WR,6,3.1,11.5,12.48,29,48,60.42,353,4,2.9,3.2,-0.3
2019,Albert Wilson,MIA,WR,6.9,3.5,5.2,6.02,43,62,69.35,351,1,4.3,4.3,0
2019,Jacob Hollister,SEA,TE,6.8,3.5,5.8,7.3,41,59,69.49,349,3,4.4,4.3,0.1
2019,Darren Fells,HOU,TE,5.1,2.9,5.5,5.77,34,48,70.83,341,7,5.3,4.3,1
2019,Willie Snead,BAL,WR,5.5,3,8.5,10.72,31,46,67.39,339,5,4.7,2.6,2.1
2019,Josh Reynolds,LAR,WR,6.3,2.7,11.3,10.18,21,43,48.84,326,1,6.9,5.3,1.6
2019,Nick Boyle,BAL,TE,6.2,3.6,5.9,6.91,31,43,72.09,321,2,5.2,5.1,0.1
2019,Cameron Brate,TB,TE,5.4,2.6,7.2,6.16,36,55,65.45,311,4,2.8,2.2,0.6
2019,Irv Smith,MIN,TE,5.4,3,6.1,8.09,36,47,76.6,311,2,3.9,3.6,0.3
2019,Steven Sims,WAS,WR,6.7,3.2,7.3,11.6,34,56,60.71,310,4,5,4.4,0.6
2019,DaeSean Hamilton,DEN,WR,5.3,3.3,8.6,13.06,28,52,53.85,297,1,4.6,4.4,0.2
2019,Jarius Wright,CAR,WR,6.5,3,10.6,12.33,28,58,48.28,296,0,3.4,4,-0.6
2019,Bisi Johnson,MIN,WR,6.5,2.5,10.6,13.56,31,45,68.89,294,3,2,2.4,-0.4
2019,Geronimo Allison,GB,WR,5.7,3.3,8.1,9.25,34,55,61.82,287,2,3.7,3.5,0.1
2019,Vance McDonald,PIT,TE,5.2,3.8,4.6,6.75,38,55,69.09,273,3,4.7,3.9,0.9
2019,Zay Jones,LV,WR,5.9,3,11.2,15.51,27,45,60,216,0,2.9,3.1,-0.2
2019,Trey Quinn,WAS,WR,6.6,2.6,7.1,9.41,26,47,55.32,198,1,2.5,3.1,-0.5
2018,Julio Jones,ATL,WR,5.7,2.5,14,45.64,113,170,66.47,1677,8,4.2,3.2,1
2018,DeAndre Hopkins,HOU,WR,4.9,2.5,11.9,44.04,115,163,70.55,1572,11,3.7,3.6,0
2018,Mike Evans,TB,WR,5.7,2.1,15.7,32.78,86,138,62.32,1524,8,3.8,3,0.7
2018,Tyreek Hill,KC,WR,5.9,3.1,14.8,38.43,87,137,63.5,1479,12,6.4,4.8,1.5
2018,Michael Thomas,NO,WR,4.6,2.7,7.7,30.27,125,147,85.03,1405,9,4.1,3.2,0.8
2018,Davante Adams,GB,WR,4.8,3,11.3,33.97,111,169,65.68,1386,13,4.6,4.2,0.5
2018,JuJu Smith-Schuster,PIT,WR,5.3,3,8.7,27.6,111,166,66.87,1383,7,6.1,4.8,1.3
2018,George Kittle,SF,TE,5.4,3.3,7.3,25.48,88,136,64.71,1377,5,10.2,7.3,2.9
2018,Adam Thielen,MIN,WR,5.8,2.9,9.6,32.75,113,153,73.86,1373,9,3.9,3.4,0.4
2018,Travis Kelce,KC,TE,5.6,2.9,8.9,25.31,103,150,68.67,1336,10,5.8,4.6,1.2
2018,Antonio Brown,PIT,WR,5,2.6,11.2,36.07,104,168,61.9,1297,15,5,4.1,1
2018,T.Y. Hilton,IND,WR,5.9,2.3,11.3,27.56,76,120,63.33,1270,6,6.2,5.4,0.8
2018,Robert Woods,LAR,WR,6.4,3,11.3,29.86,86,130,66.15,1219,6,5.3,4.8,0.5
2018,Brandin Cooks,LAR,WR,5.7,2.7,12.9,30.74,80,117,68.38,1204,5,4.5,4.5,0
2018,Keenan Allen,LAC,WR,5.3,2.7,8.8,29.75,97,136,71.32,1196,6,4.4,4.5,-0.1
2018,Zach Ertz,PHI,TE,6.1,3.2,7.3,25.8,116,156,74.36,1163,8,3.3,3.8,-0.4
2018,Kenny Golladay,DET,WR,4.9,2.3,12.6,37.51,70,119,58.82,1063,5,5.4,4,1.4
2018,Odell Beckham,NYG,WR,6.2,3,11.5,33.3,77,124,62.1,1052,6,4.5,4.4,0.1
2018,Tyler Boyd,CIN,WR,5.6,2.9,9.4,22.93,76,108,70.37,1028,7,5.8,5,0.8
2018,Stefon Diggs,MIN,WR,5.9,2.7,8.9,29.54,102,149,68.46,1021,9,4.3,3.7,0.7
2018,Amari Cooper,DAL,WR,6,2.9,9.9,28.86,75,107,70.09,1005,7,5.7,3.8,2
2018,Jarvis Landry,CLE,WR,5.7,3.3,10.8,30.45,81,149,54.36,976,4,3.8,3.6,0.3
2018,Tyler Lockett,SEA,WR,6.6,3.3,13.5,24.44,57,70,81.43,965,10,4.2,3.7,0.5
2018,Jared Cook,LV,TE,5.6,3,8,22.04,68,101,67.33,896,6,5.7,4.7,1
2018,Corey Davis,TEN,WR,6.1,3.1,10.3,35.85,65,112,58.04,891,4,4.3,3.7,0.7
2018,Sterling Shepard,NYG,WR,5.9,3.2,10.4,25.96,66,107,61.68,872,4,5.2,4.5,0.6
2018,Emmanuel Sanders,DEN,WR,6.2,3.2,9.3,20.93,71,98,72.45,866,4,4.6,4.1,0.5
2018,Julian Edelman,NE,WR,6.2,3.3,7.7,19.16,74,108,68.52,850,6,5,4.7,0.3
2018,Chris Godwin,TB,WR,6.2,2.6,11.9,17.13,59,95,62.11,842,7,4.6,3.6,1
2018,Alshon Jeffery,PHI,WR,5.5,2.5,10.8,22.66,65,92,70.65,840,6,4.7,3.5,1.1
2018,Mohamed Sanu,ATL,WR,5.7,3,7.9,14.23,66,94,70.21,838,4,6.1,4.9,1.2
2018,Calvin Ridley,ATL,WR,6.3,3.2,10,17.68,64,92,69.57,821,10,5.8,6,-0.2
2018,Adam Humphries,TB,WR,6.5,3.6,6.1,9.66,76,105,72.38,816,5,5.7,5.1,0.6
2018,Golden Tate,PHI,WR,6.3,3,6.3,16.11,74,113,65.49,789,4,5.8,3.9,1.9
2018,D.J. Moore,CAR,WR,6.1,2.9,9,17.9,55,82,67.07,788,2,7.9,4.7,3.2
2018,DeSean Jackson,TB,WR,7.3,2.7,19.1,21.42,41,74,55.41,774,4,4.6,4.3,0.3
2018,Allen Robinson,CHI,WR,5.5,2,11.9,25.02,55,94,58.51,754,4,4.5,3.3,1.2
2018,Robby Anderson,NYJ,WR,6.4,2.3,16.5,33.56,50,94,53.19,752,6,3.6,3.6,0
2018,Eric Ebron,IND,TE,5.8,3.4,9.9,21.99,66,110,60,750,13,3.9,3.8,0.1
2018,Nelson Agholor,PHI,WR,6.2,3.4,10.5,23.08,64,97,65.98,743,4,6,5.2,0.8
2018,Jordy Nelson,LV,WR,5.8,2.7,9,21.66,63,88,71.59,739,3,4.1,3.7,0.4
2018,Josh Gordon,NE,WR,4.7,2.1,14,22.9,41,71,57.75,737,4,7.1,4.1,3
2018,Larry Fitzgerald,AZ,WR,6.3,2.3,9.6,27.1,69,112,61.61,734,6,3.2,2.5,0.7
2018,John Brown,BAL,WR,5.7,2.3,16.3,34.22,42,97,43.3,717,5,4.1,3.5,0.6
2018,Dede Westbrook,JAX,WR,6.1,3.5,8.5,23.18,66,101,65.35,715,5,5.7,4.6,1.1
2018,Courtland Sutton,DEN,WR,4.6,2.2,14.4,27.59,42,84,50,704,4,4.4,3.6,0.9
2018,A.J. Green,CIN,WR,4.4,2,12.7,22.16,46,77,59.74,694,6,4.3,3.7,0.6
2018,Taylor Gabriel,CHI,WR,7,3.5,11,23.01,67,93,72.04,688,2,3.6,3.8,-0.3
2018,Rob Gronkowski,NE,TE,6.1,2.6,12,19.97,47,72,65.28,682,3,4.6,4.2,0.4
2018,Demaryius Thomas,HOU,WR,5.9,3,10.4,21.12,59,89,66.29,677,5,4.9,4.2,0.7
2018,Donte Moncrief,JAX,WR,5.9,2.2,12.8,31.01,48,89,53.93,672,3,5.1,3.3,1.8
2018,Cole Beasley,DAL,WR,5.9,2.9,7.4,16.16,65,87,74.71,672,3,3.4,3.9,-0.5
2018,Mike Williams,LAC,WR,4.9,2.1,15.2,24.85,43,66,65.15,664,10,3,2.2,0.8
2018,Austin Hooper,ATL,TE,5.6,3.2,6.7,11.26,71,88,80.68,660,4,3.5,3.3,0.2
2018,Tyrell Williams,LAC,WR,5.6,2.8,12.5,20.15,41,65,63.08,653,5,5.1,5.3,-0.2
2018,Zay Jones,BUF,WR,6.2,2.8,12.7,25.93,56,102,54.9,652,7,2.6,2.3,0.2
2018,Willie Snead,BAL,WR,5.4,3.1,8.3,17.05,62,95,65.26,651,1,4.8,4.6,0.3
2018,David Njoku,CLE,TE,5.6,3.1,8.5,14.2,56,88,63.64,639,4,6,4.2,1.8
2018,Jimmy Graham,GB,TE,6.3,2.9,9.3,14.67,55,89,61.8,636,2,5.1,4.4,0.7
2018,Kyle Rudolph,MIN,TE,5.8,3.5,6.9,12.57,64,82,78.05,634,4,4,3.7,0.3
2018,Doug Baldwin,SEA,WR,5.2,2.8,12.1,22.92,50,73,68.49,618,5,3.6,3.2,0.4
2018,Vance McDonald,PIT,TE,5.5,3.3,5.7,7.85,50,72,69.44,610,4,7.9,5.4,2.5
2018,Michael Crabtree,BAL,WR,5.3,2.8,10.8,23.36,54,100,54,607,3,2.7,3.3,-0.6
2018,Christian Kirk,AZ,WR,6.2,2.7,9.8,16.73,43,68,63.24,590,3,5.4,4.4,1.1
2018,Antonio Callaway,CLE,WR,5,2.6,13.7,20.54,43,79,54.43,586,5,5.8,4.6,1.2
2018,Marquez Valdes-Scantling,GB,WR,6.3,3.3,12.6,16.26,38,73,52.05,581,2,6.2,5.8,0.4
2018,Evan Engram,NYG,TE,6.1,4.4,5.1,7.62,45,64,70.31,577,3,9,6.6,2.4
2018,Danny Amendola,MIA,WR,6.3,3.2,7,15.57,59,79,74.68,575,1,4.2,4.5,-0.3
2018,Rashard Higgins,CLE,WR,6.5,3,11.2,11.25,39,53,73.58,572,4,4.2,3.6,0.6
2018,Trey Burton,CHI,TE,5.8,3.4,8.1,13.72,54,76,71.05,569,6,3.7,4.3,-0.6
2018,Cooper Kupp,LAR,WR,6.7,3.5,8.6,9.62,40,55,72.73,566,6,7.7,5.8,2
2018,O.J. Howard,TB,TE,4.5,2.5,11.1,8.11,34,48,70.83,565,5,6.9,5,1.9
2018,Jordan Reed,WAS,TE,6.6,3.3,6.6,13.37,54,84,64.29,558,2,4.5,4.2,0.3
2018,Kenny Stills,MIA,WR,6.2,2.4,16.4,29.41,37,64,57.81,553,6,3.7,2.9,0.8
2018,Mark Andrews,BAL,TE,5.2,2.9,10.5,11.29,34,50,68,552,3,6.5,5.4,1.1
2018,Devin Funchess,CAR,WR,5,2.3,12.7,24.23,44,79,55.7,549,4,1.8,2.2,-0.4
2018,Chris Hogan,NE,WR,6.2,4.1,12,15.24,35,55,63.64,532,3,6,6.1,-0.1
2018,Josh Doctson,WAS,WR,5.6,2.4,14.3,26.82,44,78,56.41,532,2,3.3,3.1,0.2
2018,Robert Foster,BUF,WR,6.3,2.7,20.6,17.78,26,43,60.47,526,3,6.5,5.6,0.9
2018,Sammy Watkins,KC,WR,5.5,3.5,8.4,8.76,40,55,72.73,519,3,6.2,5.8,0.4
2018,Marvin Jones,DET,WR,4,2.2,15.2,23.65,35,62,56.45,508,5,3.1,2.1,1
2018,Michael Gallup,DAL,WR,5.3,2.7,14,23.87,33,68,48.53,507,2,5.5,5,0.5
2018,Will Fuller,HOU,WR,5.4,3.3,14.6,14.93,32,45,71.11,503,4,5.5,4.8,0.6
2018,Chris Herndon,NYJ,TE,5.7,3.1,10,12.07,39,56,69.64,502,4,5.1,4.1,1
2018,Curtis Samuel,CAR,WR,6.7,2.4,12.2,19.15,39,65,60,494,5,2.9,2.5,0.4
2018,Seth Roberts,LV,WR,6.1,3.2,8.6,14.92,45,64,70.31,494,2,5.2,4.4,0.8
2018,Keelan Cole,JAX,WR,6.6,2.9,9.7,18.4,38,70,54.29,491,1,3.9,4.1,-0.2
2018,Kendrick Bourne,SF,WR,6.5,2.8,9.1,15.5,42,67,62.69,487,4,3.6,3.6,0
2018,Chester Rogers,IND,WR,5.7,3.6,6.4,9.33,53,72,73.61,485,2,5.1,5,0.1
2018,Dante Pettis,SF,WR,5.4,3.4,11.8,13.61,27,45,60,467,5,7.6,5.4,2.2
2018,Taywan Taylor,TEN,WR,7.1,3.2,13.2,23,37,56,66.07,466,1,4.7,4.2,0.5
2018,Quincy Enunwa,NYJ,WR,6.6,3.1,7.3,10.73,38,68,55.88,450,1,7.7,5.8,1.9
2018,Jarius Wright,CAR,WR,6,3.2,5.7,8.18,43,59,72.88,447,1,5,4.9,0.1
2018,David Moore,SEA,WR,4.7,2,16.4,22.47,26,53,49.06,445,5,3.7,3.2,0.5
2018,C.J. Uzomah,CIN,TE,5,2.8,7.5,10.8,43,64,67.19,439,3,4.9,4.5,0.4
2018,Tre'Quan Smith,NO,WR,5.6,2.2,12.1,14.27,28,44,63.64,427,5,4.2,3.4,0.8
2018,Anthony Miller,CHI,WR,5.2,3,11.3,13.71,33,54,61.11,423,7,5.4,4.7,0.7
2018,Josh Reynolds,LAR,WR,7.5,3,12.9,13.65,29,52,55.77,402,5,4.8,4.2,0.5
2018,Benjamin Watson,NO,TE,5.2,2.6,9.9,12.16,35,46,76.09,400,2,3,3.2,-0.2
2018,Marquise Goodwin,SF,WR,5.8,3,14.2,15.98,23,44,52.27,395,4,5.9,3.8,2.1
2018,Jamison Crowder,WAS,WR,6.4,2.9,9.1,10.72,29,49,59.18,388,2,7.6,5,2.6
2018,Randall Cobb,GB,WR,5.4,2.9,8.2,8.84,38,61,62.3,383,2,6.5,6,0.5
2018,Kelvin Benjamin,KC,WR,5.5,1.7,15.9,20.24,25,67,37.31,380,1,2.8,2,0.8
2018,Jermaine Kearse,NYJ,WR,6.4,2.7,9.3,15.34,37,76,48.68,371,1,3.7,3.2,0.5
2018,Ricky Seals-Jones,AZ,TE,5.3,2.7,9.8,17.13,34,69,49.28,343,1,3,2.7,0.3
2018,Chris Conley,KC,WR,6.5,3.3,9.5,9.41,32,52,61.54,334,5,4.3,3.4,0.9
2018,Ryan Grant,IND,WR,5.7,2.6,9.5,10.05,35,52,67.31,334,1,2.7,3,-0.3
2018,Dallas Goedert,PHI,TE,5.2,3.3,7.7,7.74,33,44,75,334,4,5.7,5,0.6
2018,Ian Thomas,CAR,TE,6,3.4,6.3,7.46,36,49,73.47,333,2,4.4,4.5,0
2018,Antonio Gates,LAC,TE,4.4,2.5,8.8,9.81,28,45,62.22,333,2,4.5,4.7,-0.1
2018,Tajae Sharpe,TEN,WR,6.2,3.1,11.2,16.48,26,47,55.32,316,2,3.5,2.9,0.6
2018,Gerald Everett,LAR,TE,6,3.9,6.6,6.56,32,49,65.31,313,3,4.5,4.4,0.1
2018,DeVante Parker,MIA,WR,5.1,2.5,11.9,15.66,24,47,51.06,306,1,4.5,4.6,-0.1
2018,Ryan Griffin,HOU,TE,5.1,3.4,7.9,7.71,24,43,55.81,305,0,6.8,5.7,1.1
2018,Maurice Harris,WAS,WR,6.6,3.1,10.5,11.86,28,47,59.57,304,0,3.4,4.3,-0.9
2018,Laquon Treadwell,MIN,WR,6.3,2.9,6,7.05,35,53,66.04,302,1,3.4,2.8,0.6
2018,Cameron Brate,TB,TE,5.6,2.9,8.7,6.46,30,49,61.22,289,6,2.1,2.7,-0.6
2018,Pierre Garcon,SF,WR,5.6,2.8,8.8,10.35,24,46,52.17,286,1,4.7,5.2,-0.5
2018,Jeff Heuerman,DEN,TE,5.7,3.3,5.7,6.26,31,48,64.58,281,2,5,4.3,0.7
2018,Nick Vannett,SEA,TE,5.7,3.7,6.1,6.78,29,43,67.44,269,3,5.2,5.3,0
2018,Zach Pascal,IND,WR,5.7,2.4,9.6,8.95,27,46,58.7,268,2,3.1,3.7,-0.6
2018,Ryan Switzer,PIT,WR,5.8,3.5,3.2,2.67,36,44,81.82,253,1,4.1,4.6,-0.5
2018,DaeSean Hamilton,DEN,WR,5.3,3.1,8.4,8.83,30,46,65.22,243,2,2.4,3,-0.6
2018,John Ross,CIN,WR,5.4,2.2,14,18.36,21,58,36.21,210,7,3.1,3.1,0
2018,Chad Williams,AZ,WR,5.4,1.9,13.2,15.34,17,46,36.96,171,1,0.9,1.8,-0.9