Year,Player,Pos,School,Ht,Wt,40yd,Vertical,Bench,Broad Jump,3Cone,Shuttle,Drafted (tm/rnd/yr)
2025,Andrew Armstrong,WR,Arkansas,6-4,202,4.51,37.5,11,124,6.97,4.18,
2025,Elic Ayomanor,WR,Stanford,6-2,206,4.44,38.5,,127,,,Tennessee Titans / 4th / 136th pick / 2025
2025,Elijhah Badger,WR,Florida,6-1,200,4.43,35.5,,,,,
2025,Jack Bech,WR,TCU,6-1,214,,34.5,19,125,6.84,4.21,Las Vegas Raiders / 2nd / 58th pick / 2025
2025,Isaiah Bond,WR,Texas,5-11,180,4.39,,,,,,
2025,Ja'Corey Brooks,WR,Louisville,6-2,184,,,,,,,
2025,Pat Bryant,WR,Illinois,6-2,204,4.61,37.5,,124,,,Denver Broncos / 3rd / 74th pick / 2025
2025,Beaux Collins,WR,Notre Dame,6-3,201,,,,,,,
2025,Chimere Dike,WR,Florida,6-1,196,4.34,38.5,,128,6.82,4.27,Tennessee Titans / 4th / 103rd pick / 2025
2025,Emeka Egbuka,WR,Ohio St.,6-1,202,,,,,,,Tampa Bay Buccaneers / 1st / 19th pick / 2025
2025,Da'Quan Felton,WR,Virginia Tech,6-5,213,4.5,32.5,16,122,7.1,4.3,
2025,Tai Felton,WR,Maryland,6-1,183,4.37,39.5,,130,,,Minnesota Vikings / 3rd / 102nd pick / 2025
2025,Jacolby George,WR,Miami,5-11,172,,32.5,,120,6.77,,
2025,Matthew Golden,WR,Texas,5-11,191,4.29,,,,,,Green Bay Packers / 1st / 23rd pick / 2025
2025,Cleveland Harris,WR,Mississippi,6-2,205,4.54,38.5,,125,,,Los Angeles Chargers / 2nd / 55th pick / 2025
2025,Jayden Higgins,WR,Iowa St.,6-4,214,4.47,39,,128,,,Houston Texans / 2nd / 34th pick / 2025
2025,Traeshon Holden,WR,Oregon,6-2,205,4.57,32,,123,,,
2025,Tory Horton,WR,Colorado St.,6-3,196,4.41,37.5,,,,,Seattle Seahawks / 5th / 166th pick / 2025
2025,Kobe Hudson,WR,Central Florida,6-1,193,4.57,35,,122,,,
2025,Luther Burden III,WR,Missouri,6-0,206,4.41,,,,,,Chicago Bears / 2nd / 39th pick / 2025
2025,Ricky White III,WR,UNLV,6-1,184,4.61,36,,123,,,Seattle Seahawks / 7th / 238th pick / 2025
2025,Daniel Jackson,WR,Minnesota,5-11,193,,,,,6.78,4.07,
2025,Tez Johnson,WR,Oregon,5-10,154,4.51,37,,131,6.65,4.15,Tampa Bay Buccaneers / 7th / 235th pick / 2025
2025,Sam Brown Jr.,WR,Miami,6-2,200,4.44,41.5,,,,,
2025,Jimmy Horn Jr.,WR,Colorado,5-8,174,4.46,38,,128,,4.41,Carolina Panthers / 6th / 208th pick / 2025
2025,Dont'e Thornton Jr.,WR,Tennessee,6-5,205,4.3,33,,126,,,Las Vegas Raiders / 4th / 108th pick / 2025
2025,Antwane Wells Jr.,WR,Mississippi,6-1,201,4.58,34,,124,,,
2025,Josh Kelly,WR,Texas Tech,6-1,186,4.7,33,,121,7.02,,
2025,KeAndre Lambert-Smith,WR,Auburn,6-1,190,4.37,34.5,,124,,,Los Angeles Chargers / 5th / 158th pick / 2025
2025,Joshua Lane,WR,Virginia Tech,5-10,191,4.34,40,14,132,6.75,4.12,Washington Commanders / 4th / 128th pick / 2025
2025,Dominic Lovett,WR,Georgia,5-10,185,4.4,33.5,,120,,4.27,Detroit Lions / 7th / 244th pick / 2025
2025,Bru McCoy,WR,Tennessee,6-3,209,,,,,,,
2025,Tetairoa McMillan,WR,Arizona,6-4,219,,,,,,,Carolina Panthers / 1st / 8th pick / 2025
2025,Konata Mumpfield,WR,Pittsburgh,5-11,186,4.59,36,,124,,,Los Angeles Rams / 7th / 242nd pick / 2025
2025,Nick Nash,WR,San Jose St.,6-3,203,4.57,34,,123,,,
2025,Isaiah Neyor,WR,Nebraska,6-4,218,4.4,38,,133,,,
2025,Jaylin Noel,WR,Iowa St.,5-10,194,4.39,41.5,23,134,6.82,4.17,Houston Texans / 3rd / 79th pick / 2025
2025,Kaden Prather,WR,Maryland,6-4,204,4.46,30,,114,,,Buffalo Bills / 7th / 240th pick / 2025
2025,Xavier Restrepo,WR,Miami,5-10,209,,,17,,,,
2025,Jalen Royals,WR,Utah St.,6-0,205,4.42,,13,,,,Kansas City Chiefs / 4th / 133rd pick / 2025
2025,Arian Smith,WR,Georgia,6-0,179,4.36,38,,127,6.82,4.19,New York Jets / 4th / 110th pick / 2025
2025,Roc Taylor,WR,Memphis,6-2,213,4.49,30.5,,122,,,
2025,Isaac TeSlaa,WR,Arkansas,6-4,214,4.43,39.5,17,129,6.85,4.05,Detroit Lions / 3rd / 70th pick / 2025
2025,Jordan Watkins,WR,Mississippi,5-11,196,4.37,36.5,,119,,,
2025,Theo Wease,WR,Missouri,6-3,200,4.56,31,,117,,,
2025,LaJohntay Wester,WR,Colorado,5-10,163,4.46,32,,121,,,Baltimore Ravens / 6th / 203rd pick / 2025
2025,Kyle Williams,WR,Washington St.,5-11,190,4.4,36.5,,119,,,New England Patriots / 3rd / 69th pick / 2025
2025,Savion Williams,WR,TCU,6-4,222,4.48,,,,,,Green Bay Packers / 3rd / 87th pick / 2025
2025,Elijah Arroyo,TE,Miami,6-5,250,,,22,,,,Seattle Seahawks / 2nd / 50th pick / 2025
2025,Gavin Bartholomew,TE,Pittsburgh,6-5,246,4.7,,,,,,Minnesota Vikings / 6th / 202nd pick / 2025
2025,Jake Briningstool,TE,Clemson,6-6,241,4.75,31,,115,,,
2025,Jalin Conyers,TE,Texas Tech,6-4,260,4.74,35.5,,121,6.94,4.27,
2025,CJ Dippre,TE,Alabama,6-5,256,4.69,34.5,32,120,,,
2025,Mitchell Evans,TE,Notre Dame,6-5,258,4.74,31,,115,7.25,4.4,Carolina Panthers / 5th / 163rd pick / 2025
2025,Terrance Ferguson,TE,Oregon,6-5,247,4.63,39,,122,,,Los Angeles Rams / 2nd / 46th pick / 2025
2025,Jackson Hawes,TE,Georgia Tech,6-5,253,4.82,34.5,16,121,,4.4,Buffalo Bills / 5th / 173rd pick / 2025
2025,Gunnar Helm,TE,Texas,6-5,241,4.84,30,,,7.15,4.4,Tennessee Titans / 4th / 120th pick / 2025
2025,Thomas Fidone II,TE,Nebraska,6-5,243,4.7,35.5,,126,7.01,4.29,
2025,Oronde Gadsden II,TE,Syracuse,6-5,243,,34,,114,,,Los Angeles Chargers / 5th / 165th pick / 2025
2025,Harold Fannin Jr.,TE,Bowling Green,6-3,241,4.71,34,22,118,6.97,4.39,Cleveland Browns / 3rd / 67th pick / 2025
2025,Brant Kuithe,TE,Utah,6-2,236,,,,,,,
2025,Luke Lachey,TE,Iowa,6-6,251,,35,,120,7.18,4.47,Houston Texans / 7th / 255th pick / 2025
2025,Colston Loveland,TE,Michigan,6-6,248,,,,,,,Chicago Bears / 1st / 10th pick / 2025
2025,Moliki Matavao,TE,UCLA,6-6,260,4.81,32.5,,114,,,New Orleans Saints / 7th / 248th pick / 2025
2025,Bryson Nesbit,TE,North Carolina,6-5,238,4.88,32.5,,112,,,
2025,Robbie Ouzts,TE,Alabama,6-3,274,4.91,34,26,119,7.34,4.45,Seattle Seahawks / 5th / 175th pick / 2025
2025,Joshua Simon,TE,South Carolina,6-4,239,4.65,38,,124,7.22,4.4,
2025,Mason Taylor,TE,LSU,6-5,251,,,,,,,New York Jets / 2nd / 42nd pick / 2025
2025,Tyler Warren,TE,Penn St.,6-6,256,,,,,,,Indianapolis Colts / 1st / 14th pick / 2025
2024,Javon Baker,WR,Central Florida,6-1,202,4.54,37,,121,,,New England Patriots / 4th / 110th pick / 2024
2024,Jermaine Burton,WR,Alabama,6-0,196,4.45,38.5,,133,,,Cincinnati Bengals / 3rd / 80th pick / 2024
2024,Jalen Coker,WR,Holy Cross,6-1,208,4.57,42.5,,128,,,
2024,Keon Coleman,WR,Florida St.,6-3,213,4.61,38,,127,,,Buffalo Bills / 2nd / 33rd pick / 2024
2024,Malachi Corley,WR,Western Kentucky,5-11,215,,,,,,,New York Jets / 3rd / 65th pick / 2024
2024,Jacob Cowing,WR,Arizona,5-8,168,4.38,36,,119,7.02,4.32,San Francisco 49ers / 4th / 135th pick / 2024
2024,Ryan Flournoy,WR,Southeast Missouri St.,6-1,202,4.44,39.5,19,132,,,
2024,Troy Franklin,WR,Oregon,6-2,176,4.41,39,,124,6.9,4.31,Denver Broncos / 4th / 102nd pick / 2024
2024,Anthony Gould,WR,Oregon St.,5-8,174,4.39,39.5,,129,,4.16,Indianapolis Colts / 5th / 142nd pick / 2024
2024,Lideatrick Griffin,WR,Mississippi St.,5-10,181,4.43,35.5,,124,7,4.35,
2024,Marvin Harrison,WR,Ohio St.,6-3,209,,,,,,,Arizona Cardinals / 1st / 4th pick / 2024
2024,Jha'Quan Jackson,WR,Tulane,5-9,188,4.42,32,12,118,,,Tennessee Titans / 6th / 182nd pick / 2024
2024,Cornelius Johnson,WR,Michigan,6-3,212,4.44,37.5,,127,,,Los Angeles Chargers / 7th / 253rd pick / 2024
2024,Xavier Legette,WR,South Carolina,6-1,221,4.39,40,,126,,,Carolina Panthers / 1st / 32nd pick / 2024
2024,Luke McCaffrey,WR,Rice,6-2,198,4.46,36,,121,6.7,4.02,Washington Commanders / 3rd / 100th pick / 2024
2024,Ladd McConkey,WR,Georgia,6-0,186,4.39,36,13,124,,,Los Angeles Chargers / 2nd / 34th pick / 2024
2024,Jalen McMillan,WR,Washington,6-1,197,4.47,37,,127,6.94,4.18,Tampa Bay Buccaneers / 3rd / 92nd pick / 2024
2024,Bub Means,WR,Pittsburgh,6-1,212,4.43,39.5,19,122,,,New Orleans Saints / 5th / 170th pick / 2024
2024,Adonai Mitchell,WR,Texas,6-2,205,4.34,39.5,,136,,,Indianapolis Colts / 2nd / 52nd pick / 2024
2024,Malik Nabers,WR,LSU,6-0,200,,,,,,,New York Giants / 1st / 6th pick / 2024
2024,Rome Odunze,WR,Washington,6-3,212,4.45,39,,124,6.88,4.03,Chicago Bears / 1st / 9th pick / 2024
2024,Ricky Pearsall,WR,Florida,6-1,189,4.41,42,17,129,6.64,4.05,San Francisco 49ers / 1st / 31st pick / 2024
2024,Ja'Lynn Polk,WR,Washington,6-1,203,4.52,37.5,,129,,,New England Patriots / 2nd / 37th pick / 2024
2024,Brenden Rice,WR,USC,6-2,208,4.5,36.5,13,119,,,Los Angeles Chargers / 7th / 225th pick / 2024
2024,Tayvion Robinson,WR,Kentucky,5-11,191,,,,,,,
2024,Marcus Rosemy-Jacksaint,WR,Georgia,6-1,195,,35,,119,,,
2024,Ainias Smith,WR,Texas A&M,5-9,190,,,21,,,,Philadelphia Eagles / 5th / 152nd pick / 2024
2024,Brian Thomas,WR,LSU,6-3,209,4.33,38.5,11,126,,,Jacksonville Jaguars / 1st / 23rd pick / 2024
2024,Jamari Thrash,WR,Louisville,6-0,188,4.46,34,,120,7.16,,Cleveland Browns / 5th / 156th pick / 2024
2024,Devaughn Vele,WR,Utah,6-4,203,4.47,36,,126,,,Denver Broncos / 7th / 235th pick / 2024
2024,Devontez Walker,WR,North Carolina,6-2,193,4.36,40.5,,134,,,Baltimore Ravens / 4th / 113th pick / 2024
2024,Tahj Washington,WR,USC,5-10,174,,35,,122,,,
2024,Malik Washington,WR,Virginia,5-9,191,4.47,42.5,19,126,,,Miami Dolphins / 6th / 184th pick / 2024
2024,Xavier Weaver,WR,Colorado,6-0,169,,,,,,,
2024,Jordan Whittington,WR,Texas,6-1,205,,,18,,,,Los Angeles Rams / 6th / 213th pick / 2024
2024,Isaiah Williams,WR,Illinois,5-9,182,4.63,38,17,123,6.75,,
2024,Johnny Wilson,WR,Florida St.,6-6,231,4.52,37,,128,,4.11,Philadelphia Eagles / 6th / 185th pick / 2024
2024,Roman Wilson,WR,Michigan,5-11,185,4.39,,12,,,,Pittsburgh Steelers / 3rd / 84th pick / 2024
2024,Xavier Worthy,WR,Texas,5-11,165,4.21,41,,131,,,Kansas City Chiefs / 1st / 28th pick / 2024
2024,Erick All,TE,Iowa,6-4,252,,,,,,,Cincinnati Bengals / 4th / 115th pick / 2024
2024,AJ Barner,TE,Michigan,6-6,251,,,,,,,Seattle Seahawks / 4th / 121st pick / 2024
2024,Jaheim Bell,TE,Florida St.,6-2,241,4.61,35,,124,,,New England Patriots / 7th / 231st pick / 2024
2024,Brock Bowers,TE,Georgia,6-3,243,,,,,,,Las Vegas Raiders / 1st / 13th pick / 2024
2024,Devin Culp,TE,Washington,6-3,231,4.47,,,,,,Tampa Bay Buccaneers / 7th / 246th pick / 2024
2024,Dallin Holker,TE,Colorado St.,6-3,241,4.78,32.5,,122,6.83,4.21,
2024,Theodore Johnson,TE,Penn St.,6-6,259,4.57,39.5,,125,7.15,4.19,
2024,Trey Knox,TE,South Carolina,6-3,240,,32.5,,121,7.09,4.54,
2024,Tanner McLachlan,TE,Arizona,6-5,244,4.61,35,,117,,,Cincinnati Bengals / 6th / 194th pick / 2024
2024,Tip Reiman,TE,Illinois,6-5,271,4.64,33.5,28,121,7.02,4.26,Arizona Cardinals / 3rd / 82nd pick / 2024
2024,Ja'Tavion Sanders,TE,Texas,6-4,245,4.69,,,,,4.32,Carolina Panthers / 4th / 101st pick / 2024
2024,Ben Sinnott,TE,Kansas St.,6-4,250,4.68,40,,126,6.82,4.23,Washington Commanders / 2nd / 53rd pick / 2024
2024,Brevyn Spann-Ford,TE,Minnesota,6-7,260,4.77,31.5,,116,7.38,,
2024,Cade Stover,TE,Ohio St.,6-4,247,4.65,34.5,,117,,4.45,Houston Texans / 4th / 123rd pick / 2024
2024,Jack Westover,TE,Washington,6-3,243,,,,,,,
2024,Jared Wiley,TE,TCU,6-6,249,4.62,37,,118,7.19,,Kansas City Chiefs / 4th / 131st pick / 2024
2023,Jordan Addison,WR,USC,5-11,173,4.49,34,,122,,,Minnesota Vikings / 1st / 23rd pick / 2023
2023,Ronnie Bell,WR,Michigan,6-0,191,4.54,38.5,14,120,6.98,4.15,San Francisco 49ers / 7th / 253rd pick / 2023
2023,Jake Bobo,WR,UCLA,6-4,206,,,,,,,
2023,Kayshon Boutte,WR,LSU,5-11,195,4.5,29,,118,,4.25,New England Patriots / 6th / 187th pick / 2023
2023,Jalen Brooks,WR,South Carolina,6-1,201,4.69,35,,130,7.15,4.31,Dallas Cowboys / 7th / 244th pick / 2023
2023,Jason Brownlee,WR,Southern Mississippi,6-2,198,4.59,39.5,16,131,,,
2023,Jacob Copeland,WR,Maryland,5-11,201,4.42,33,20,127,7.01,4.47,
2023,Derius Davis,WR,TCU,5-8,165,4.36,,,,,4.38,Los Angeles Chargers / 4th / 125th pick / 2023
2023,Nathaniel Dell,WR,Houston,5-8,165,4.49,,,121,,,Houston Texans / 3rd / 69th pick / 2023
2023,Demario Douglas,WR,Liberty,5-8,179,4.44,39.5,,134,,4.29,
2023,Josh Downs,WR,North Carolina,5-9,171,4.48,38.5,,131,,,Indianapolis Colts / 3rd / 79th pick / 2023
2023,Grant DuBose,WR,Charlotte,6-2,201,4.57,35,,125,6.89,4.32,
2023,Zay Flowers,WR,Boston Col.,5-9,182,4.42,35.5,,127,,,Baltimore Ravens / 1st / 22nd pick / 2023
2023,Bryce Ford-Wheaton,WR,West Virginia,6-4,221,4.38,41,,129,6.97,4.15,
2023,Antoine Green,WR,North Carolina,6-2,199,4.47,33.5,,123,6.99,4.27,Detroit Lions / 7th / 219th pick / 2023
2023,Jadon Haselwood,WR,Arkansas,6-2,215,4.66,37,,123,6.98,4.31,
2023,Malik Heath,WR,Mississippi,6-2,213,4.64,34,,124,6.96,4.46,
2023,Elijah Higgins,WR,Stanford,6-3,235,4.54,35,,126,7.01,,Miami Dolphins / 6th / 197th pick / 2023
2023,Xavier Hutchinson,WR,Iowa St.,6-2,203,4.53,36,,116,6.91,4.35,Houston Texans / 6th / 205th pick / 2023
2023,Jalin Hyatt,WR,Tennessee,6-0,176,4.4,40,,135,,,New York Giants / 3rd / 73rd pick / 2023
2023,Andrei Iosivas,WR,Princeton,6-3,205,4.43,39,19,128,6.85,4.12,
2023,Kearis Jackson,WR,Georgia,5-11,196,4.55,,,126,,,
2023,Rakim Jarrett,WR,Maryland,6-0,192,4.44,35.5,13,123,,,
2023,Michael Jefferson,WR,Louisiana,6-4,199,4.56,37,16,133,7.03,4.56,
2023,Jaray Jenkins,WR,LSU,6-2,204,4.6,29.5,20,,,,
2023,CJ Johnson,WR,East Carolina,6-2,224,,,,,,,
2023,Quentin Johnston,WR,TCU,6-3,208,,40.5,,134,,,Los Angeles Chargers / 1st / 21st pick / 2023
2023,Charlie Jones,WR,Purdue,5-11,175,4.43,36.5,13,124,,,Cincinnati Bengals / 4th / 131st pick / 2023
2023,Dontay Demus Jr.,WR,Maryland,6-3,212,4.57,35.5,,123,,4.39,
2023,Malik Knowles,WR,Kansas St.,6-2,196,,,,,,,
2023,Matt Landers,WR,Arkansas,6-4,200,4.37,37,,130,,,
2023,Marvin Mims,WR,Oklahoma,5-11,183,4.38,39.5,,129,6.9,,Denver Broncos / 2nd / 63rd pick / 2023
2023,Jonathan Mingo,WR,Mississippi,6-2,220,4.46,39.5,22,129,,,Carolina Panthers / 2nd / 39th pick / 2023
2023,Jalen Moreno-Cropper,WR,Fresno St.,5-11,172,4.4,,,121,,,
2023,Puka Nacua,WR,BYU,6-2,201,,,,,,,Los Angeles Rams / 5th / 177th pick / 2023
2023,Joseph Ngata,WR,Clemson,6-3,217,4.54,34.5,,124,,,
2023,Trey Palmer,WR,Nebraska,6-0,192,4.33,,,,,,Tampa Bay Buccaneers / 6th / 191st pick / 2023
2023,A.T. Perry,WR,Wake Forest,6-4,198,4.47,35,,133,,,New Orleans Saints / 6th / 195th pick / 2023
2023,Jayden Reed,WR,Michigan St.,5-11,187,4.45,33.5,,121,,4.29,Green Bay Packers / 2nd / 50th pick / 2023
2023,Rashee Rice,WR,SMU,6-1,204,4.51,41,,128,,,Kansas City Chiefs / 2nd / 55th pick / 2023
2023,Tyler Scott,WR,Cincinnati,5-10,177,4.44,39.5,,133,,,Chicago Bears / 4th / 133rd pick / 2023
2023,Justin Shorter,WR,Florida,6-4,229,4.55,35.5,18,126,,,Buffalo Bills / 5th / 150th pick / 2023
2023,Jaxon Smith-Njigba,WR,Ohio St.,6-1,196,,35,,125,6.57,3.93,Seattle Seahawks / 1st / 20th pick / 2023
2023,Cedric Tillman,WR,Tennessee,6-3,213,4.54,37,,128,,,Cleveland Browns / 3rd / 74th pick / 2023
2023,Mitchell Tinsley,WR,Penn St.,6-0,199,4.6,35.5,14,120,,4.21,
2023,Tre Tucker,WR,Cincinnati,5-9,182,4.4,37.5,,124,,,Las Vegas Raiders / 3rd / 100th pick / 2023
2023,Parker Washington,WR,Penn St.,5-10,204,,,16,,,,Jacksonville Jaguars / 6th / 185th pick / 2023
2023,Jalen Wayne,WR,South Alabama,6-2,210,4.51,34.5,,124,,,
2023,Dontayvion Wicks,WR,Virginia,6-1,206,4.62,39,,130,,,Green Bay Packers / 5th / 159th pick / 2023
2023,Michael Wilson,WR,Stanford,6-2,213,4.58,37.5,23,125,,4.27,Arizona Cardinals / 3rd / 94th pick / 2023
2023,Davis Allen,TE,Clemson,6-6,245,4.84,38.5,,125,,,Los Angeles Rams / 5th / 175th pick / 2023
2023,Payne Durham,TE,Purdue,6-6,253,4.87,34.5,,117,,,Tampa Bay Buccaneers / 5th / 171st pick / 2023
2023,Noah Gindorff,TE,North Dakota St.,6-6,263,,,16,,,,
2023,Dalton Kincaid,TE,Utah,6-4,246,,,,,,,Buffalo Bills / 1st / 25th pick / 2023
2023,Tucker Kraft,TE,South Dakota St.,6-5,254,4.69,34,23,122,7.08,4.29,Green Bay Packers / 3rd / 78th pick / 2023
2023,Zack Kuntz,TE,Old Dominion,6-7,255,4.55,40,23,128,6.87,4.12,New York Jets / 7th / 220th pick / 2023
2023,Sam LaPorta,TE,Iowa,6-3,245,4.59,35,,123,6.91,4.25,Detroit Lions / 2nd / 34th pick / 2023
2023,Cameron Latu,TE,Alabama,6-4,242,,,,,,,San Francisco 49ers / 3rd / 101st pick / 2023
2023,Will Mallory,TE,Miami,6-5,239,4.54,36.5,20,121,,,Indianapolis Colts / 5th / 162nd pick / 2023
2023,Michael Mayer,TE,Notre Dame,6-5,249,4.7,32.5,,118,,,Las Vegas Raiders / 2nd / 35th pick / 2023
2023,Luke Musgrave,TE,Oregon St.,6-6,253,4.61,36,,125,,,Green Bay Packers / 2nd / 42nd pick / 2023
2023,Kyle Patterson,TE,Air Force,6-5,260,,,,,,,
2023,Luke Schoonmaker,TE,Michigan,6-5,251,4.63,33.5,,127,,4.27,Dallas Cowboys / 2nd / 58th pick / 2023
2023,Brenton Strange,TE,Penn St.,6-4,253,4.7,36,23,124,7.25,4.46,Jacksonville Jaguars / 2nd / 61st pick / 2023
2023,Leonard Taylor,TE,Cincinnati,6-5,250,,,,,,,
2023,Travis Vokolek,TE,Nebraska,6-6,259,,,20,115,,,
2023,Darnell Washington,TE,Georgia,6-7,264,4.64,31,21,122,,4.08,Pittsburgh Steelers / 3rd / 93rd pick / 2023
2023,Blake Whiteheart,TE,Wake Forest,6-4,247,4.7,35.5,20,115,,,
2023,Josh Whyle,TE,Cincinnati,6-7,248,4.69,33.5,,115,,,Tennessee Titans / 5th / 147th pick / 2023
2023,Brayden Willis,TE,Oklahoma,6-4,241,,32,20,117,7.3,4.36,San Francisco 49ers / 7th / 247th pick / 2023
2022,Calvin Austin,WR,Memphis,5-8,170,4.32,39,,135,6.65,4.07,Pittsburgh Steelers / 4th / 138th pick / 2022
2022,David Bell,WR,Purdue,6-1,212,4.65,33,,118,7.14,4.57,Cleveland Browns / 3rd / 99th pick / 2022
2022,Slade Bolden,WR,Alabama,5-11,193,4.66,32,,116,,,
2022,Treylon Burks,WR,Arkansas,6-2,225,4.55,33,,122,7.28,,Tennessee Titans / 1st / 18th pick / 2022
2022,Dai'Jean Dixon,WR,Nicholls St.,6-3,205,4.62,34,,125,7.28,4.42,
2022,Jahan Dotson,WR,Penn St.,5-11,178,4.43,36,,121,7.28,,Washington Commanders / 1st / 16th pick / 2022
2022,Romeo Doubs,WR,Nevada,6-2,201,,,,,,,Green Bay Packers / 4th / 132nd pick / 2022
2022,Dontario Drummond,WR,Mississippi,6-1,215,4.65,34,,122,,,
2022,Erik Ezukanma,WR,Texas Tech,6-2,209,,36.5,,126,,4.38,Miami Dolphins / 4th / 125th pick / 2022
2022,Ty Fryfogle,WR,Indiana,6-1,204,4.53,39,,127,,,
2022,Danny Gray,WR,SMU,6-0,186,4.33,34,,126,,,San Francisco 49ers / 3rd / 105th pick / 2022
2022,Johnny Johnson III,WR,Oregon,6-0,197,4.6,32,,121,7.21,4.54,
2022,Josh Johnson,WR,Tulsa,5-11,183,,,14,,,,
2022,Velus Jones,WR,Tennessee,6-0,204,4.31,33,,121,,,Chicago Bears / 3rd / 71st pick / 2022
2022,Kevin Austin Jr.,WR,Notre Dame,6-2,200,4.43,39,,132,6.71,4.15,
2022,Reggie Roberson Jr.,WR,SMU,5-11,192,,29,,114,,,
2022,Drake London,WR,USC,6-4,219,,,,,,,Atlanta Falcons / 1st / 8th pick / 2022
2022,Bo Melton,WR,Rutgers,5-11,189,4.34,38,,121,6.98,,Seattle Seahawks / 7th / 229th pick / 2022
2022,John Metchie,WR,Alabama,5-11,187,,,,,,,Houston Texans / 2nd / 44th pick / 2022
2022,Skyy Moore,WR,Western Michigan,5-10,195,4.41,34.5,,125,7.13,4.32,Kansas City Chiefs / 2nd / 54th pick / 2022
2022,Jalen Nailor,WR,Michigan St.,5-11,186,4.5,38,,128,7.03,4.28,Minnesota Vikings / 6th / 191st pick / 2022
2022,Chris Olave,WR,Ohio St.,6-0,187,4.39,32,,124,,,New Orleans Saints / 1st / 11th pick / 2022
2022,Kyle Philips,WR,UCLA,5-11,189,4.58,33.5,,124,,,Tennessee Titans / 5th / 163rd pick / 2022
2022,George Pickens,WR,Georgia,6-3,195,4.47,33,,125,,,Pittsburgh Steelers / 2nd / 52nd pick / 2022
2022,Alec Pierce,WR,Cincinnati,6-3,211,4.41,40.5,,129,7.13,4.28,Indianapolis Colts / 2nd / 53rd pick / 2022
2022,Makai Polk,WR,Mississippi St.,6-3,195,4.59,31,,119,,4.36,
2022,Charleston Rambo,WR,Miami,6-1,177,4.57,33.5,,118,,,
2022,Wan'Dale Robinson,WR,Kentucky,5-8,178,4.44,34.5,,118,,,New York Giants / 2nd / 43rd pick / 2022
2022,Justyn Ross,WR,Clemson,6-4,205,,,11,,,,
2022,Braylon Sanders,WR,Mississippi,6-0,194,4.48,34.5,,121,,,
2022,Khalil Shakir,WR,Boise St.,6-0,196,4.43,34.5,,124,7.28,4.21,Buffalo Bills / 5th / 148th pick / 2022
2022,Tyquan Thornton,WR,Baylor,6-2,181,4.28,36.5,,130,,,New England Patriots / 2nd / 50th pick / 2022
2022,Jalen Tolbert,WR,South Alabama,6-1,194,4.49,36,,123,7.08,,Dallas Cowboys / 3rd / 88th pick / 2022
2022,Tré Turner,WR,Virginia Tech,6-1,184,4.51,27,,113,7.45,4.53,
2022,Christian Watson,WR,North Dakota St.,6-4,208,4.36,38.5,,136,,,Green Bay Packers / 2nd / 34th pick / 2022
2022,Isaiah Weston,WR,Northern Iowa,6-4,214,4.42,40,20,135,,,
2022,Devon Williams,WR,Oregon,6-5,210,4.65,33,,133,,,
2022,Jameson Williams,WR,Alabama,6-2,179,,,,,,,Detroit Lions / 1st / 12th pick / 2022
2022,Garrett Wilson,WR,Ohio St.,6-0,183,4.38,36,,123,,4.36,New York Jets / 1st / 10th pick / 2022
2022,Mike Woods,WR,Oklahoma,6-1,204,4.55,34.5,,125,,,Cleveland Browns / 6th / 202nd pick / 2022
2022,Austin Allen,TE,Nebraska,6-8,253,4.83,34,,121,7,4.26,
2022,Chase Allen,TE,Iowa St.,6-6,251,,33.5,,117,7.03,4.43,
2022,Daniel Bellinger,TE,San Diego St.,6-5,253,4.63,34.5,22,125,7.05,4.47,New York Giants / 4th / 112th pick / 2022
2022,Grant Calcaterra,TE,SMU,6-4,241,4.62,,20,,,,Philadelphia Eagles / 6th / 198th pick / 2022
2022,Greg Dulcich,TE,UCLA,6-4,243,4.69,34,16,122,7.05,4.37,Denver Broncos / 3rd / 80th pick / 2022
2022,Jake Ferguson,TE,Wisconsin,6-5,250,4.81,31.5,15,118,7.03,4.48,Dallas Cowboys / 4th / 129th pick / 2022
2022,Jeremiah Hall,TE,Oklahoma,6-2,239,4.96,29,19,111,7.43,4.62,
2022,Peyton Hendershot,TE,Indiana,6-4,250,4.8,32.5,,117,,4.25,
2022,Connor Heyward,TE,Michigan St.,5-11,233,4.72,32.5,,,,,Pittsburgh Steelers / 6th / 208th pick / 2022
2022,Curtis Hodges,TE,Arizona St.,6-8,257,4.85,34.5,,117,7.14,4.28,
2022,Charlie Kolar,TE,Iowa St.,6-7,252,,,,,,,Baltimore Ravens / 4th / 128th pick / 2022
2022,Isaiah Likely,TE,Coastal Carolina,6-5,245,,36,,,,4.57,Baltimore Ravens / 4th / 139th pick / 2022
2022,Trey McBride,TE,Colorado St.,6-4,246,,33,18,117,,,Arizona Cardinals / 2nd / 55th pick / 2022
2022,James Mitchell,TE,Virginia Tech,6-4,249,,,,,,,Detroit Lions / 5th / 177th pick / 2022
2022,Chigoziem Okonkwo,TE,Maryland,6-3,238,4.52,35.5,,,,,Tennessee Titans / 4th / 143rd pick / 2022
2022,Cade Otton,TE,Washington,6-5,247,,,,,,,Tampa Bay Buccaneers / 4th / 106th pick / 2022
2022,Teagan Quitoriano,TE,Oregon St.,6-6,258,,,22,,,,Houston Texans / 5th / 170th pick / 2022
2022,Jeremy Ruckert,TE,Ohio St.,6-5,250,,,19,,,,New York Jets / 3rd / 101st pick / 2022
2022,Cole Turner,TE,Nevada,6-6,246,4.76,27,17,120,7.06,4.41,Washington Commanders / 5th / 149th pick / 2022
2022,Jelani Woods,TE,Virginia,6-7,259,4.61,,24,,,,Indianapolis Colts / 3rd / 73rd pick / 2022
2022,Jalen Wydermyer,TE,Texas A&M,6-4,255,,,,,,,
2021,Jonathan Adams,WR,Arkansas St.,6-2,210,4.59,39,,132,7.04,4.38,
2021,Tutu Atwell,WR,Louisville,5-8,155,4.42,33,,117,6.89,4.14,Los Angeles Rams / 2nd / 57th pick / 2021
2021,Kawaan Baker,WR,South Alabama,6-0,210,4.44,39.5,21,129,7.42,4.41,
2021,Rashod Bateman,WR,Minnesota,6-0,190,4.39,36,,123,,,Baltimore Ravens / 1st / 27th pick / 2021
2021,Tarik Black,WR,Texas,6-2,213,4.54,40,15,132,6.91,4.26,
2021,Josh Blancato,WR,Georgia Tech,5-9,182,4.55,32,17,124,6.9,4.31,
2021,Dyami Brown,WR,North Carolina,6-0,189,4.46,35,18,128,6.87,4.35,Washington Football Team / 3rd / 82nd pick / 2021
2021,Amon-Ra St. Brown,WR,USC,5-11,197,4.51,38.5,20,127,6.88,4.17,Detroit Lions / 4th / 112th pick / 2021
2021,Jalen Camp,WR,Georgia Tech,6-1,226,4.48,39.5,29,125,7,4.14,
2021,Ja'Marr Chase,WR,LSU,6-0,201,4.34,41,,132,6.96,3.99,Cincinnati Bengals / 1st / 5th pick / 2021
2021,Ramaud Chiaokhiao-Bowman,WR,Northwestern,6-1,204,4.78,34.5,11,119,6.78,4.2,
2021,Nico Collins,WR,Michigan,6-4,215,4.43,37.5,14,125,6.78,4.29,Houston Texans / 3rd / 89th pick / 2021
2021,Damonte Coxie,WR,Memphis,6-2,198,4.77,30.5,4,122,6.92,4.45,
2021,Frank Darby,WR,Arizona St.,6-0,201,4.56,34.5,19,117,7.05,4.25,Atlanta Falcons / 6th / 187th pick / 2021
2021,Jaelon Darden,WR,North Texas,5-7,174,4.47,35.5,,122,6.66,3.98,Tampa Bay Buccaneers / 4th / 129th pick / 2021
2021,DeVontres Dukes,WR,South Florida,6-3,216,4.81,33,16,122,7.07,4.41,
2021,Brennan Eagles,WR,Texas,6-3,225,4.55,36.5,,125,6.93,4.42,
2021,D'Wayne Eskridge,WR,West. Michigan,5-8,190,4.38,35,,124,6.93,4.22,Seattle Seahawks / 2nd / 56th pick / 2021
2021,Simi Fehoko,WR,Stanford,6-3,222,4.44,34.5,16,120,6.78,4.26,Dallas Cowboys / 5th / 179th pick / 2021
2021,Dez Fitzpatrick,WR,Louisville,6-1,208,4.43,35,,,7.09,4.26,Tennessee Titans / 4th / 109th pick / 2021
2021,Bailey Gaither,WR,San Jose St.,6-0,188,4.45,31,9,121,7.07,4.39,
2021,Trevon Grimes,WR,Florida,6-4,220,4.49,35,15,118,6.98,4.28,
2021,Adrian Hardy,WR,Louisiana Tech,6-1,205,4.61,37.5,12,124,6.96,4.5,
2021,Jacob Harris,WR,Central Florida,6-5,219,4.39,40.5,15,133,6.54,4.31,
2021,Jaylen Harris,WR,Ohio St.,5-8,170,4.77,30.5,8,109,7.37,4.5,
2021,Damon Hazelton,WR,Missouri,,,4.6,37.5,,,,,
2021,Josh Imatorbhebhe,WR,Illinois,6-0,218,4.53,46.5,24,134,7.1,4.38,
2021,Warren Jackson,WR,Colorado St.,6-6,219,4.68,33.5,,123,7.81,4.53,
2021,Johnathon Johnson,WR,Missouri,,,,,,,,,
2021,Terrace Marshall Jr.,WR,LSU,6-2,205,4.4,39,19,125,,,
2021,Adam Krumholz,WR,Wisconsin,6-0,193,4.6,35.5,11,118,7.03,4.28,
2021,Riley Lees,WR,Northwestern,5-11,192,4.47,35,7,119,6.78,4.16,
2021,Branden Mack,WR,Temple,6-5,217,4.66,31,11,115,7.13,4.37,
2021,Khalil McClain,WR,Troy,6-2,214,4.7,32,15,114,7.72,4.5,
2021,Isaiah McKoy,WR,Kent St.,6-2,200,4.68,29.5,12,114,7.09,4.36,
2021,Racey McMath,WR,LSU,6-2,217,4.36,34,,124,7.38,4.38,Tennessee Titans / 6th / 205th pick / 2021
2021,Dax Milne,WR,BYU,,,4.54,31,14,114,,4.19,Washington Football Team / 7th / 258th pick / 2021
2021,Elijah Moore,WR,Mississippi,,,4.35,36,17,121,6.63,4.07,New York Jets / 2nd / 34th pick / 2021
2021,Rondale Moore,WR,Purdue,5-7,180,4.28,42.5,,,6.65,4.06,Arizona Cardinals / 2nd / 49th pick / 2021
2021,Jonathan Nance,WR,Missouri,,,,,,,,,
2021,Dazz Newsome,WR,North Carolina,5-10,190,4.59,34,12,121,7.38,4.38,Chicago Bears / 6th / 221st pick / 2021
2021,Tre Nixon,WR,Central Florida,6-0,187,4.44,35.5,18,125,6.81,4.27,New England Patriots / 7th / 242nd pick / 2021
2021,Antonio Nunn,WR,Buffalo,5-11,204,4.5,33.5,15,120,7.12,4.32,
2021,Whop Philyor,WR,Indiana,5-9,184,4.57,31,14,120,7.2,4.34,
2021,Cornell Powell,WR,Clemson,6-0,204,4.53,36.5,16,128,7.03,4.21,Kansas City Chiefs / 5th / 181st pick / 2021
2021,Blake Proehl,WR,East Carolina,6-1,186,4.47,36,12,126,7,4.06,
2021,Amari Rodgers,WR,Clemson,5-9,212,4.52,33,19,121,7.07,4.31,Green Bay Packers / 3rd / 85th pick / 2021
2021,Anthony Schwartz,WR,Auburn,6-0,186,4.27,32,,123,7.13,4.25,Cleveland Browns / 3rd / 91st pick / 2021
2021,Ben Skowronek,WR,Notre Dame,6-2,220,,,13,,,,
2021,Brandon Smith,WR,Iowa,6-1,218,4.62,39.5,,130,,,
2021,Ihmir Smith-Marsette,WR,Iowa,6-0,181,4.43,37,,124,7,4.2,Minnesota Vikings / 5th / 157th pick / 2021
2021,Marquez Stevenson,WR,Houston,5-10,180,4.48,33,,122,6.76,4.14,Buffalo Bills / 6th / 203rd pick / 2021
2021,Dillon Stoner,WR,Oklahoma St.,6-0,194,4.51,37,16,123,6.96,4.13,
2021,Eli Stove,WR,Auburn,5-11,194,4.54,30.5,14,119,7.34,4.4,
2021,Sage Surratt,WR,Wake Forest,6-2,209,4.66,,18,,,4.25,
2021,Tamorrion Terry,WR,Florida St.,6-2,207,4.44,32.5,15,126,7,4.53,
2021,Kadarius Toney,WR,Florida,5-11,193,4.39,39.5,9,136,6.88,4.25,New York Giants / 1st / 20th pick / 2021
2021,Tyler Vaughns,WR,USC,6-1,190,4.62,31.5,7,120,7.13,4.36,
2021,Tre Walker,WR,San Jose St.,5-10,178,4.58,28,,113,7.75,4.47,
2021,Tylan Wallace,WR,Oklahoma St.,5-11,194,4.48,33,11,112,6.97,4.25,Baltimore Ravens / 4th / 131st pick / 2021
2021,Connor Wedington,WR,Stanford,6-0,196,4.47,38.5,13,117,6.66,4.07,
2021,Marlon Williams,WR,Central Florida,5-11,209,4.63,33.5,14,119,,4.57,
2021,Seth Williams,WR,Auburn,6-3,211,4.49,37,12,124,7.2,4.43,Denver Broncos / 6th / 219th pick / 2021
2021,Giles Amos,TE,Arkansas St.,6-3,250,5.14,28.5,,111,7.65,5.13,
2021,John Bates,TE,Boise St.,6-5,250,4.84,31.5,19,120,6.85,4.35,
2021,Shaun Beyer,TE,Iowa,6-4,250,4.78,31.5,,119,,4.2,
2021,J.C. Chalk,TE,Clemson,6-2,250,5.18,28.5,15,106,7.83,4.72,
2021,Daniel Crawford,TE,Northern Illinois,6-1,245,4.7,32.5,14,113,7.19,4.45,
2021,Zach Davidson,TE,Central Missouri St.,6-6,245,4.58,37.5,17,117,6.95,4.19,
2021,Luke Farrell,TE,Ohio St.,6-5,251,4.79,36.5,22,118,7.14,4.36,Jacksonville Jaguars / 5th / 145th pick / 2021
2021,Miller Forristall,TE,Alabama,,,,,,,,,
2021,Pat Freiermuth,TE,Penn St.,6-5,251,,,26,,,,Pittsburgh Steelers / 2nd / 55th pick / 2021
2021,Noah Gray,TE,Duke,6-3,240,4.55,35,15,115,6.83,4.37,Kansas City Chiefs / 5th / 162nd pick / 2021
2021,Scooter Harrington,TE,Stanford,6-4,250,5.19,29,,105,7.2,4.53,
2021,Jake Hausmann,TE,Ohio St.,6-4,242,4.98,29.5,16,112,7.65,4.44,
2021,Brevin Jordan,TE,Miami (FL),6-2,247,4.64,31,17,116,,,Houston Texans / 5th / 147th pick / 2021
2021,Hunter Kampmoyer,TE,Oregon,6-4,243,4.83,31,21,113,7.28,4.54,
2021,Bruno Labelle,TE,Cincinnati,6-4,247,4.73,36,19,123,7.36,4.43,
2021,Artayvious Lynn,TE,TCU,6-4,271,,,,,,,
2021,Ben Mason,TE,Michigan,6-2,246,4.73,37.5,29,117,6.96,4.42,
2021,Tre' McKitty,TE,Georgia,6-4,247,,,,,,,Los Angeles Chargers / 3rd / 97th pick / 2021
2021,Briley Moore,TE,Kansas St.,6-4,240,4.66,37.5,26,123,7.24,4.37,
2021,Quintin Morris,TE,Bowling Green,6-2,243,4.6,34,22,119,7.12,4.55,
2021,Josh Pederson,TE,La-Monroe,6-4,234,4.81,28.5,19,110,7.31,4.43,
2021,Kyle Pitts,TE,Florida,6-5,245,4.44,33.5,22,129,7.12,4.3,Atlanta Falcons / 1st / 4th pick / 2021
2021,John Raine,TE,Northwestern,6-1,231,5.05,31,15,107,7.32,4.54,
2021,Jack Stoll,TE,Nebraska,6-3,247,4.6,31.5,16,119,6.86,4.32,
2021,Tommy Tremble,TE,Notre Dame,6-3,241,4.6,36.5,20,122,,,Carolina Panthers / 3rd / 83rd pick / 2021
2021,Carl Tucker,TE,Alabama,,,,,,,,,
2021,Pro Wells,TE,TCU,,,,,,,,,
2021,Brock Wright,TE,Notre Dame,6-4,257,4.62,31.5,26,118,7.27,4.25,
2021,Kenny Yeboah,TE,Mississippi,6-3,250,,34,,116,,,
2020,Brandon Aiyuk,WR,Arizona State,6-0,205,4.5,40,11,128,,,San Francisco 49ers / 1st / 25th pick / 2020
2020,Omar Bayless,WR,Arkansas State,6-1,212,4.62,36,11,123,7.35,4.5,
2020,Lynn Bowden,WR,Kentucky,5-11,204,,,13,,,,Las Vegas Raiders / 3rd / 80th pick / 2020
2020,Tony Brown,WR,Colorado,6-1,198,4.65,33.5,14,119,7.21,4.27,
2020,Lawrence Cager,WR,Georgia,6-5,220,,,,,,,
2020,Marquez Callaway,WR,Tennessee,6-1,205,4.55,38,,126,,,
2020,Quintez Cephus,WR,Wisconsin,6-1,202,4.73,38.5,23,124,7.2,4.33,Detroit Lions / 5th / 166th pick / 2020
2020,Chase Claypool,WR,Notre Dame,6-4,238,4.42,40.5,19,126,,,Pittsburgh Steelers / 2nd / 49th pick / 2020
2020,Tyrie Cleveland,WR,Florida,6-2,209,4.46,39.5,13,126,,,Denver Broncos / 7th / 252nd pick / 2020
2020,Isaiah Coulter,WR,Rhode Island,6-2,198,4.45,36,,121,7.28,4.62,Houston Texans / 5th / 171st pick / 2020
2020,Gabriel Davis,WR,UCF,6-2,216,4.54,35,14,124,7.08,4.59,Buffalo Bills / 4th / 128th pick / 2020
2020,Quartney Davis,WR,Texas A&M,6-1,201,4.54,35.5,,,,,
2020,Devin Duvernay,WR,Texas,5-10,200,4.39,35.5,,123,7.13,4.2,Baltimore Ravens / 3rd / 92nd pick / 2020
2020,Bryan Edwards,WR,South Carolina,6-3,212,,,,,,,Las Vegas Raiders / 3rd / 81st pick / 2020
2020,Chris Finke,WR,Notre Dame,5-9,186,4.57,40,7,,,,
2020,Aaron Fuller,WR,Washington,5-11,188,4.59,34,,118,7.14,,
2020,Antonio Gandy-Golden,WR,Liberty,6-4,223,4.6,36,22,127,7.33,4.55,Washington Football Team / 4th / 142nd pick / 2020
2020,Antonio Gibson,WR,Memphis,6-0,228,4.39,35,16,118,,,Washington Football Team / 3rd / 66th pick / 2020
2020,Stephen Guidry,WR,Mississippi State,6-3,201,4.47,34,,125,7.31,4.46,
2020,KJ Hamler,WR,Penn State,5-9,178,,,15,,,,Denver Broncos / 2nd / 46th pick / 2020
2020,Tee Higgins,WR,Clemson,6-4,216,,,,,,,Cincinnati Bengals / 2nd / 33rd pick / 2020
2020,John Hightower,WR,Boise State,6-1,189,4.43,38.5,,122,7.07,4.21,Philadelphia Eagles / 5th / 168th pick / 2020
2020,K.J. Hill,WR,Ohio State,6-0,196,4.6,32.5,17,114,,,Los Angeles Chargers / 7th / 220th pick / 2020
2020,Isaiah Hodgins,WR,Oregon State,6-4,210,4.61,36.5,9,124,7.01,4.12,Buffalo Bills / 6th / 207th pick / 2020
2020,Henry Ruggs III,WR,Alabama,5-11,188,4.27,42,,131,,,Las Vegas Raiders / 1st / 12th pick / 2020
2020,Trishton Jackson,WR,Syracuse,6-1,197,4.5,36,,117,,,
2020,Justin Jefferson,WR,LSU,6-1,202,4.43,37.5,,126,,,Minnesota Vikings / 1st / 22nd pick / 2020
2020,Van Jefferson,WR,Florida,6-1,200,,,,,,,Los Angeles Rams / 2nd / 57th pick / 2020
2020,Jauan Jennings,WR,Tennessee,6-3,215,4.72,29,,119,,,San Francisco 49ers / 7th / 217th pick / 2020
2020,Jerry Jeudy,WR,Alabama,6-1,193,4.45,35,,120,,4.53,Denver Broncos / 1st / 15th pick / 2020
2020,Collin Johnson,WR,Texas,6-6,222,,,17,,,,Jacksonville Jaguars / 5th / 165th pick / 2020
2020,Juwan Johnson,WR,Oregon,6-4,230,4.58,33,14,124,6.94,4.37,
2020,Tyler Johnson,WR,Minnesota,6-1,206,,,,,,,Tampa Bay Buccaneers / 5th / 161st pick / 2020
2020,Laviska Shenault Jr.,WR,Colorado,6-1,227,4.58,,17,,,,Jacksonville Jaguars / 2nd / 42nd pick / 2020
2020,CeeDee Lamb,WR,Oklahoma,6-2,198,4.5,34.5,11,124,,,Dallas Cowboys / 1st / 17th pick / 2020
2020,Kalija Lipscomb,WR,Vanderbilt,6-0,207,4.57,32,16,127,,,
2020,Austin Mack,WR,Ohio State,6-1,208,4.59,31.5,,117,,4.42,
2020,Denzel Mims,WR,Baylor,6-3,207,4.38,38.5,16,131,6.66,4.43,New York Jets / 2nd / 59th pick / 2020
2020,Darnell Mooney,WR,Tulane,5-10,176,4.38,37,9,124,,,Chicago Bears / 5th / 173rd pick / 2020
2020,K.J. Osborn,WR,Miami,5-11,203,4.48,37.5,18,123,7,4.35,Minnesota Vikings / 5th / 176th pick / 2020
2020,Aaron Parker,WR,Rhode Island,6-2,209,4.57,26.5,12,112,6.94,4.23,
2020,Dezmon Patmon,WR,Washington State,6-4,225,4.48,36,15,132,7.28,4.38,Indianapolis Colts / 6th / 212th pick / 2020
2020,Donovan Peoples-Jones,WR,Michigan,6-2,212,4.48,44.5,,139,,,Cleveland Browns / 6th / 187th pick / 2020
2020,Malcolm Perry,WR,Navy,5-9,186,4.63,36,10,122,7.12,4.31,Miami Dolphins / 7th / 246th pick / 2020
2020,Michael Pittman,WR,USC,6-4,223,4.52,36.5,13,121,6.96,4.14,Indianapolis Colts / 2nd / 34th pick / 2020
2020,James Proche,WR,SMU,5-11,201,,34.5,20,,7.27,4.4,Baltimore Ravens / 6th / 201st pick / 2020
2020,Jalen Reagor,WR,TCU,5-11,206,4.47,42,17,138,7.31,4.46,Philadelphia Eagles / 1st / 21st pick / 2020
2020,Joe Reed,WR,Virginia,6-0,224,4.47,38,21,123,,,Los Angeles Chargers / 5th / 151st pick / 2020
2020,Kendrick Rogers,WR,Texas A&M,6-4,208,4.51,35.5,17,124,7.13,4.48,
2020,Darrell Stewart,WR,Michigan State,6-0,212,,35,15,117,,,
2020,Freddie Swain,WR,Florida,6-0,197,4.46,36.5,16,124,7.05,4.26,Seattle Seahawks / 6th / 214th pick / 2020
2020,Jeff Thomas,WR,Miami,5-9,170,4.45,36.5,,125,,,
2020,Ben Victor,WR,Ohio State,6-4,198,4.6,35,9,128,7.1,,
2020,Quez Watkins,WR,Southern Miss,6-0,185,4.35,36.5,,125,7.28,4.36,Philadelphia Eagles / 6th / 200th pick / 2020
2020,Cody White,WR,Michigan State,6-3,217,4.66,35.5,,120,7.19,4.52,
2019,J.J. Arcega-Whiteside,WR,Stanford,6-2,225,,,,,,,Philadelphia Eagles / 2nd / 57th pick / 2019
2019,Miles Boykin,WR,Notre Dame,6-4,220,4.42,43.5,12,140,6.77,4.07,Baltimore Ravens / 3rd / 93rd pick / 2019
2019,Tyre Brady,WR,Marshall,6-3,211,,32,12,117,,4.25,
2019,A.J. Brown,WR,Mississippi,6-0,226,4.49,36.5,19,120,,,Tennessee Titans / 2nd / 51st pick / 2019
2019,Marquise Brown,WR,Oklahoma,5-9,166,,,,,,,Baltimore Ravens / 1st / 25th pick / 2019
2019,Emmanuel Butler,WR,Northern Arizona,6-3,217,,36,11,115,,4.22,
2019,Hakeem Butler,WR,Iowa State,6-5,227,4.48,36,18,128,,,Arizona Cardinals / 4th / 103rd pick / 2019
2019,Parris Campbell,WR,Ohio State,6-0,205,4.31,40,11,135,,4.03,Indianapolis Colts / 2nd / 59th pick / 2019
2019,Jamal Custis,WR,Syracuse,6-4,214,4.5,34.5,,124,,,
2019,Felton Davis,WR,Michigan State,6-3,211,,,21,,,,
2019,Ryan Davis,WR,Auburn,5-10,189,,35,12,124,7.09,4.23,
2019,Johnnie Dixon,WR,Ohio State,5-10,201,4.41,37.5,16,120,,4.43,
2019,Greg Dortch,WR,Wake Forest,5-7,173,,,,,,,
2019,Keelan Doss,WR,UC Davis,6-2,211,,,8,,,,
2019,Ashton Dulin,WR,Malone University (Ohio),6-1,215,4.43,38,13,121,7,4.22,
2019,Jovon Durante,WR,Florida Atlantic,5-11,160,4.55,31.5,,120,7,4.31,
2019,Jazz Ferguson,WR,Northwestern St. (LA),6-5,227,4.45,37,8,123,7.25,4.59,
2019,Travis Fulgham,WR,Old Dominion,6-2,215,4.58,36.5,15,126,,,Detroit Lions / 6th / 184th pick / 2019
2019,Terry Godwin,WR,Georgia,5-11,184,4.55,36.5,,117,6.96,,Carolina Panthers / 7th / 237th pick / 2019
2019,Emanuel Hall,WR,Missouri,6-2,201,4.39,43.5,15,141,,,
2019,Mecole Hardman,WR,Georgia,5-10,187,4.33,36.5,17,119,,,Kansas City Chiefs / 2nd / 56th pick / 2019
2019,Kelvin Harmon,WR,North Carolina State,6-2,221,4.6,32.5,18,117,7.15,4.32,Washington Redskins / 6th / 206th pick / 2019
2019,N'Keal Harry,WR,Arizona State,6-2,228,4.53,38.5,27,122,,,New England Patriots / 1st / 32nd pick / 2019
2019,Lil'Jordan Humphrey,WR,Texas,6-4,210,4.75,33.5,13,119,7.09,4.29,
2019,Jalen Hurd,WR,Baylor,6-5,226,,,23,,,,San Francisco 49ers / 3rd / 67th pick / 2019
2019,Andy Isabella,WR,Massachusetts,5-9,188,4.31,36.5,15,121,6.95,4.15,Arizona Cardinals / 2nd / 62nd pick / 2019
2019,Gary Jennings,WR,West Virginia,6-1,214,4.42,37,20,127,7.32,4.15,Seattle Seahawks / 4th / 120th pick / 2019
2019,Anthony Johnson,WR,Buffalo,6-2,209,,32.5,18,122,7.12,,
2019,Diontae Johnson,WR,Toledo,5-10,183,4.53,33.5,15,123,7.09,4.45,Pittsburgh Steelers / 3rd / 66th pick / 2019
2019,Keesean Johnson,WR,Fresno State,6-1,201,4.6,30,14,117,7.28,4.23,Arizona Cardinals / 6th / 174th pick / 2019
2019,Bisi Johnson,WR,Colorado State,6-0,204,4.51,38,14,124,6.88,4.16,Minnesota Vikings / 7th / 247th pick / 2019
2019,Damarkus Lodge,WR,Mississippi,6-2,202,4.55,33.5,11,119,7.06,4.53,
2019,Terry McLaurin,WR,Ohio State,6-0,208,4.35,37.5,18,125,7.01,4.15,Washington Redskins / 3rd / 76th pick / 2019
2019,D.K. Metcalf,WR,Mississippi,6-3,228,4.33,40.5,27,134,7.38,4.5,Seattle Seahawks / 2nd / 64th pick / 2019
2019,Jakobi Meyers,WR,North Carolina State,6-2,203,4.63,37,13,118,7.07,4.23,
2019,Dillon Mitchell,WR,Oregon,6-1,197,4.46,36.5,12,122,,4.29,Minnesota Vikings / 7th / 239th pick / 2019
2019,Stanley Morgan,WR,Nebraska,6-0,202,4.53,38.5,14,125,6.78,4.13,
2019,Nyqwan Murray,WR,Florida State,5-10,191,4.63,34,8,113,7.2,4.4,
2019,Hunter Renfrow,WR,Clemson,5-10,184,4.59,35,7,116,6.8,4.19,Oakland Raiders / 5th / 149th pick / 2019
2019,Riley Ridley,WR,Georgia,6-1,199,4.58,30.5,13,124,7.22,4.28,Chicago Bears / 4th / 126th pick / 2019
2019,Deebo Samuel,WR,South Carolina,5-11,214,4.48,39,15,122,7.03,4.14,San Francisco 49ers / 2nd / 36th pick / 2019
2019,David Sills,WR,West Virginia,6-3,211,4.57,37.5,14,117,6.97,4.28,
2019,Darius Slayton,WR,Auburn,6-1,190,4.39,40.5,11,135,7,4.15,New York Giants / 5th / 171st pick / 2019
2019,Jaylen Smith,WR,Louisville,6-2,219,4.47,34.5,14,122,7.55,4.48,
2019,Cody Thompson,WR,Toledo,6-1,205,4.57,38.5,19,119,6.87,4.03,
2019,Jamarius Way,WR,South Alabama,6-3,215,4.63,32.5,16,119,,4.66,
2019,Alex Wesley,WR,Northern Colorado,6-0,190,4.45,38.5,13,125,7.4,4.44,
2019,Antoine Wesley,WR,Texas Tech,6-4,206,,37,6,117,7.07,4.26,
2018,Dante Pettis,WR,Washington,6-0,186,,,,,,,San Francisco 49ers / 2nd / 44th pick / 2018
2018,Marcell Ateman,WR,Oklahoma State,6-4,216,4.62,34,13,121,7.07,4.25,Oakland Raiders / 7th / 228th pick / 2018
2018,Braxton Berrios,WR,Miami (FL),5-9,184,,,11,,,,New England Patriots / 6th / 210th pick / 2018
2018,Equanimeous St. brown,WR,Notre Dame,6-5,214,4.48,,20,,,,Green Bay Packers / 6th / 207th pick / 2018
2018,Deontay Burnett,WR,USC,6-0,186,,,,,,,
2018,Deon Cain,WR,Clemson,6-2,202,4.43,33.5,11,115,6.71,4.37,Indianapolis Colts / 6th / 185th pick / 2018
2018,Antonio Callaway,WR,Florida,5-11,200,4.41,34,,121,,,Cleveland Browns / 4th / 105th pick / 2018
2018,Dylan Cantrell,WR,Texas Tech,6-3,226,4.59,38.5,18,130,6.56,4.03,Los Angeles Chargers / 6th / 191st pick / 2018
2018,D.J. Chark,WR,LSU,6-3,199,4.34,40,16,129,,,Jacksonville Jaguars / 2nd / 61st pick / 2018
2018,Simmie Cobbs,WR,Indiana,6-3,220,4.64,30,11,113,6.7,4.32,
2018,Keke Coutee,WR,Texas Tech,5-10,181,4.43,34.5,14,113,6.93,4.15,Houston Texans / 4th / 103rd pick / 2018
2018,Robert Foster,WR,Alabama,6-2,196,4.41,31,,116,6.9,4.2,
2018,Michael Gallup,WR,Colorado State,6-1,205,4.51,36,10,122,6.95,4.37,Dallas Cowboys / 3rd / 81st pick / 2018
2018,Davon Grayson,WR,East Carolina,6-1,199,4.51,34.5,19,124,,,
2018,Daesean Hamilton,WR,Penn State,6-1,203,,34.5,,118,6.84,4.15,Denver Broncos / 4th / 113th pick / 2018
2018,Quadree Henderson,WR,Pittsburgh,5-8,192,4.5,32.5,12,120,6.89,4.28,
2018,Darren Carrington II,WR,Utah,6-2,199,,36,,120,,,
2018,Richie James,WR,Middle Tennessee State,5-10,183,4.48,35.5,6,122,6.87,4.16,San Francisco 49ers / 7th / 240th pick / 2018
2018,Christian Kirk,WR,Texas A&M,5-10,201,4.47,35.5,20,115,7.09,4.45,Arizona Cardinals / 2nd / 47th pick / 2018
2018,Chris Lacy,WR,Oklahoma State,6-3,205,4.51,33.5,11,120,,,
2018,Jordan Lasley,WR,UCLA,6-1,203,4.5,34.5,8,112,,4.19,Baltimore Ravens / 5th / 162nd pick / 2018
2018,Allen Lazard,WR,Iowa State,6-5,227,4.55,38,17,122,,,
2018,Tavares Martin,WR,Washington State,6-1,177,4.8,31.5,,,,,
2018,Ray-ray McCloud,WR,Clemson,5-9,190,4.53,34.5,13,113,,,Buffalo Bills / 6th / 187th pick / 2018
2018,Anthony Miller,WR,Memphis,5-11,201,,,22,,,,Chicago Bears / 2nd / 51st pick / 2018
2018,Steven Mitchell,WR,USC,5-10,189,4.56,32.5,13,121,6.75,4.4,
2018,Jmon Moore,WR,Missouri,6-3,207,4.6,38,21,120,6.56,4.04,
2018,D.J. Moore,WR,Maryland,6-0,210,4.42,39.5,15,132,6.95,4.07,Carolina Panthers / 1st / 24th pick / 2018
2018,Cam Phillips,WR,Virginia Tech,6-0,201,,,,,,,
2018,Byron Pringle,WR,Kansas State,6-1,203,4.46,33.5,15,120,6.87,4.4,
2018,Trey Quinn,WR,SMU,5-11,203,4.55,33.5,17,116,6.91,4.19,Washington Redskins / 7th / 256th pick / 2018
2018,Calvin Ridley,WR,Alabama,6-0,189,4.43,31,15,110,6.88,4.41,Atlanta Falcons / 1st / 26th pick / 2018
2018,Korey Robertson,WR,Southern Miss,6-1,212,4.56,34,13,123,,,
2018,Jaleel Scott,WR,New Mexico State,6-5,218,4.56,34.5,16,124,7.2,4.4,Baltimore Ravens / 4th / 132nd pick / 2018
2018,Trequan Smith,WR,Central Florida,6-2,203,4.49,37.5,12,130,6.97,4.5,
2018,Courtland Sutton,WR,SMU,6-3,218,4.54,35.5,18,124,6.57,4.11,Denver Broncos / 2nd / 40th pick / 2018
2018,Auden Tate,WR,Florida State,6-5,228,4.68,31,,112,,,Cincinnati Bengals / 7th / 253rd pick / 2018
2018,Marquez Valdes-Scantling,WR,South Florida,6-4,206,4.37,30.5,15,124,,,Green Bay Packers / 5th / 174th pick / 2018
2018,James Washington,WR,Oklahoma State,5-11,213,4.54,34.5,14,120,7.11,4.32,Pittsburgh Steelers / 2nd / 60th pick / 2018
2018,Jester Weah,WR,Pittsburgh,6-2,211,4.43,38,15,129,7.24,4.41,
2018,Karaun White,WR,West Virginia,6-1,206,4.52,33.5,24,118,7.16,4.57,
2018,Jake Wieneke,WR,South Dakota State,6-4,221,4.67,34,9,114,7.24,4.37,
2018,Cedrick Wilson,WR,Boise State,6-2,197,4.55,37,9,121,6.89,4.23,Dallas Cowboys / 6th / 208th pick / 2018
2018,Javon Wims,WR,Georgia,6-3,215,4.53,33.5,,113,7,,Chicago Bears / 7th / 224th pick / 2018
2017,Rodney Adams,WR,South Florida,6-1,189,4.44,29.5,8,125,6.98,4.28,Minnesota Vikings / 5th / 170th pick / 2017
2017,Quincy Adeboyejo,WR,Mississippi,6-3,197,4.42,34.5,8,123,6.73,4.14,
2017,Kendrick Bourne,WR,East. Washington,6-1,203,4.68,34,9,125,6.73,4.21,
2017,Noah Brown,WR,Ohio State,6-2,222,,,19,,7.07,4.33,Dallas Cowboys / 7th / 239th pick / 2017
2017,K.D. Cannon,WR,Baylor,5-11,182,4.41,37,13,119,,,
2017,Jehu Chesson,WR,Michigan,6-3,204,4.47,35.5,10,132,6.7,4.09,Kansas City Chiefs / 4th / 139th pick / 2017
2017,Stacy Coley,WR,Miami (FL),6-1,195,4.45,34,10,122,,,Minnesota Vikings / 7th / 219th pick / 2017
2017,Amara Darboh,WR,Michigan,6-2,214,4.45,36,17,124,,,Seattle Seahawks / 3rd / 106th pick / 2017
2017,Corey Davis,WR,West. Michigan,6-3,209,,,,,,,Tennessee Titans / 1st / 5th pick / 2017
2017,Robert Davis,WR,Georgia State,6-3,219,4.44,41,19,136,6.82,4.28,Washington Redskins / 6th / 209th pick / 2017
2017,Malachi Dupre,WR,LSU,6-2,196,4.52,39.5,11,135,7.19,4.26,Green Bay Packers / 7th / 247th pick / 2017
2017,Travin Dural,WR,LSU,6-1,202,4.57,30.5,,116,7.29,4.55,
2017,Amba Etta-Tawo,WR,Syracuse,6-1,208,4.49,31,14,126,6.95,4.32,
2017,Isaiah Ford,WR,Virginia Tech,6-1,194,4.61,35.5,14,127,6.94,4.34,Miami Dolphins / 7th / 237th pick / 2017
2017,Shelton Gibson,WR,West Virginia,5-11,191,4.5,32,8,118,6.83,4.2,Philadelphia Eagles / 5th / 166th pick / 2017
2017,Chris Godwin,WR,Penn State,6-1,209,4.42,36,19,126,7.01,4,Tampa Bay Buccaneers / 3rd / 84th pick / 2017
2017,Kenny Golladay,WR,Northern Illinois,6-4,218,4.5,35.5,18,120,7,4.15,Detroit Lions / 3rd / 96th pick / 2017
2017,Chad Hansen,WR,California,6-2,202,4.53,35,11,119,6.74,4.13,New York Jets / 4th / 141st pick / 2017
2017,Keon Hatcher,WR,Arkansas,6-1,212,4.64,,16,,,,
2017,Carlos Henderson,WR,Louisiana Tech,5-11,199,4.46,36,13,131,7.18,4.35,Denver Broncos / 3rd / 82nd pick / 2017
2017,Mack Hollins,WR,North Carolina,6-4,221,4.53,,,,,,Philadelphia Eagles / 4th / 118th pick / 2017
2017,Bug Howard,WR,North Carolina,6-4,221,4.58,37.5,,119,6.95,4.14,
2017,Zay Jones,WR,East Carolina,6-2,201,4.45,36.5,15,133,6.79,4.01,Buffalo Bills / 2nd / 37th pick / 2017
2017,Victor Bolden Jr.,WR,Oregon State,5-8,178,4.54,32,9,117,6.83,4.22,
2017,Greg Ward Jr.,WR,Houston,5-11,186,,,10,,,,
2017,Cooper Kupp,WR,East. Washington,6-2,204,4.62,31,,116,6.75,4.08,Los Angeles Rams / 3rd / 69th pick / 2017
2017,Jerome Lane,WR,Akron,6-2,226,4.6,35,16,125,6.87,4.12,
2017,Keevan Lucas,WR,Tulsa,5-9,192,4.55,32.5,11,119,7.23,4.43,
2017,Josh Malone,WR,Tennessee,6-3,208,4.4,30.5,10,121,7.05,4.19,Cincinnati Bengals / 4th / 128th pick / 2017
2017,Gabe Marks,WR,Washington State,5-11,189,4.56,29.5,11,117,7.01,4.2,
2017,Isaiah McKenzie,WR,Georgia,5-7,173,4.42,36,11,123,6.64,4.15,Denver Broncos / 5th / 172nd pick / 2017
2017,Drew Morgan,WR,Arkansas,6-0,190,4.74,30,10,112,6.85,4.12,
2017,Speedy Noil,WR,Texas A&M,5-11,199,,43.5,18,133,,,
2017,Zach Pascal,WR,Old Dominion,6-2,219,4.55,36,14,126,7.11,4.29,
2017,James Quick,WR,Louisville,6-0,186,4.6,31,11,115,7,4.39,
2017,Michael Rector,WR,Stanford,6-0,193,4.42,36.5,,129,6.77,4.19,
2017,Josh Reynolds,WR,Texas A&M,6-3,194,4.52,37,,124,6.83,4.13,Los Angeles Rams / 4th / 117th pick / 2017
2017,Jalen Robinette,WR,Air Force,6-3,220,4.62,31.5,13,120,6.77,4.46,
2017,Darreus Rogers,WR,USC,6-1,216,,26.5,8,112,7.22,4.54,
2017,Fred Ross,WR,Mississippi State,6-1,213,4.51,35,10,113,6.99,4.28,
2017,John Ross,WR,Washington,5-11,188,4.22,37,,133,,,Cincinnati Bengals / 1st / 9th pick / 2017
2017,Travis Rudolph,WR,Florida State,6-0,189,4.65,31.5,12,114,6.93,4.46,
2017,Curtis Samuel,WR,Ohio State,5-11,196,4.31,37,18,119,7.09,4.33,Carolina Panthers / 2nd / 40th pick / 2017
2017,Artavis Scott,WR,Clemson,5-10,193,4.61,31,13,116,7.19,4.49,
2017,Ricky Seals-Jones,WR,Texas A&M,6-5,243,4.69,28,17,121,7.46,4.33,
2017,JuJu Smith-Schuster,WR,USC,6-1,215,4.54,32.5,15,120,,,Pittsburgh Steelers / 2nd / 62nd pick / 2017
2017,Jamari Staples,WR,Louisville,6-3,195,4.51,36,,130,,,
2017,ArDarius Stewart,WR,Alabama,5-11,204,4.49,34,,124,,,New York Jets / 3rd / 79th pick / 2017
2017,Ryan Switzer,WR,North Carolina,5-8,181,4.51,32,11,116,6.77,4,Dallas Cowboys / 4th / 133rd pick / 2017
2017,Taywan Taylor,WR,Western Kentucky,5-11,203,4.5,33.5,13,132,6.57,4.21,Tennessee Titans / 3rd / 72nd pick / 2017
2017,Trent Taylor,WR,Louisiana Tech,5-8,181,4.63,33,13,117,6.74,4.01,San Francisco 49ers / 5th / 177th pick / 2017
2017,Noel Thomas,WR,Connecticut,6-0,205,4.63,32.5,9,118,,,
2017,Dede Westbrook,WR,Oklahoma,6-0,178,,,,,,,Jacksonville Jaguars / 4th / 110th pick / 2017
2017,Kermit Whitfield,WR,Florida State,5-8,185,4.44,32.5,8,120,7.17,4.37,
2017,Mike Williams,WR,Clemson,6-4,218,,32.5,15,121,,,Los Angeles Chargers / 1st / 7th pick / 2017
2017,Jesus Wilson,WR,Florida State,5-9,189,4.57,,10,119,,4.57,